CODIGO,PAGINA,CATEGORIA
ACBOARD2L20WNW,212,Lamparas
ACBOARD2L20WW,212,Lamparas
ACBOARD2L20WWW,212,Lamparas
ACBOARD50NW,212,Lamparas
ACBOARD50W,212,Lamparas
ACBOARD50WW,212,Lamparas
ACCAB4WTLRGB,NO,Varios
ACCABTLCCT,114,Tiras de Leds
ACCON9MM,108,Tiras de Leds
ACCON9MM,108,Tiras de Leds
ACCONCCT127V,136,Drivers y Controladores
ACCONTL28355050,114,Tiras de Leds
ACCONTLCOB,112,Tiras de Leds
ACCONTLRGBRF,NO,Varios
ACCOPTLCCT,114,Tiras de Leds
ACCOPTLCRGB,NO,Varios
ACCOPTLRGB,NO,Varios
ACCP606040WWE,NO,Varios
ACDIFILUDXA1812,33,Iluminacion Lineal
ACDIFILUDXA2512,34,Iluminacion Lineal
ACE25M2835WW120R,107,Tiras de Leds
ACENDCAPTLRGB,NO,Varios
ACGRAPATLRGB,NO,Varios
ACGRAPTL28355050,114,Tiras de Leds
ACGRAPTL9MM,108,Tiras de Leds
ACGRAPTL9MM,108,Tiras de Leds
ACGRAPTLCOB,112,Tiras de Leds
ACLECHDXAP01,11,Iluminacion Lineal
ACLECHDXAP01N,11,Iluminacion Lineal
ACLECHDXAP02,11,Iluminacion Lineal
ACLECHDXAP02N,11,Iluminacion Lineal
ACLEDXA010206CO,NO,Varios
ACLEDXA010206CON,NO,Varios
ACOPLTLC28355050,114,Tiras de Leds
ACOPLTLC2835CCT,114,Tiras de Leds
ACOPLTLC9MM,108,Tiras de Leds
ACOPLTLC9MM,108,Tiras de Leds
ACOPLTLCCOB,112,Tiras de Leds
ACOPLTLF28355050,114,Tiras de Leds
ACOPLTLF9MM,108,Tiras de Leds
ACOPLTLF9MM,108,Tiras de Leds
ACOPLTLFCOB,112,Tiras de Leds
ACRDIFDXAP06,12,Iluminacion Lineal
ACRDIFDXAP06N,12,Iluminacion Lineal
ACRDIFDXAP06N,12,Iluminacion Lineal
ACT9MM2835NW120R,108,Tiras de Leds
ACT9MM2835NW120R,108,Tiras de Leds
ACT9MM2835W120R,108,Tiras de Leds
ACT9MM2835W120R,108,Tiras de Leds
ACT9MM2835WW120R,108,Tiras de Leds
ACT9MM2835WW120R,108,Tiras de Leds
ACTL2835CCT120R,110,Tiras de Leds
ACTLPB283518120R,109,Tiras de Leds
ACTLPB2835NW120R,109,Tiras de Leds
ACTLPB2835NW60R,109,Tiras de Leds
ACTLPB2835W120R,109,Tiras de Leds
ACTLPB2835W60R,109,Tiras de Leds
ACTLPB2835WW120R,109,Tiras de Leds
ACTLPB2835WW60R,109,Tiras de Leds
ACTLPB5050W60R,NO,Varios
ACTLPB5050WW60R,111,Tiras de Leds
ACTLPBCOBWW320R,112,Tiras de Leds
ACTLPE2835WW120R,NO,Varios
AR11111W27,NO,Varios
AR11111W27,NO,Varios
AR11111WNW,NO,Varios
AR11111WNW,NO,Varios
BADAGESKYLINEMT,NO,Varios
BADAGESKYLINEMTB,NO,Varios
BASE90283X1000D,338,Linea Europea / Decorativa
BASE90284X1000D,338,Linea Europea / Decorativa
BASE9028R800D,337,Linea Europea / Decorativa
BASINFHMZBD,NO,Varios
BASINFMICROTB,330,Rieles
BASLATDMICROTB,330,Rieles
BASLATHMZBD,NO,Varios
BASLATMICROTB,330,Rieles
BASUPHMZBD,NO,Varios
BELDENCAT5301FE,144,Drivers y Controladores
CAB3WWNHMZBD,NO,Varios
CABB22RGB,103,Tiras de Leds
CABSUB4X18,NO,Varios
CABT22,NO,Varios
CANOTRACPC100B,316,Rieles
CANOTRACPC55190B,316,Rieles
CANOTRACPC5588B,316,Rieles
CANOTRACPC85B,316,Rieles
CASBRUSH360,NO,Varios
CASCHROME360,NO,Varios
CASGOLD360,NO,Varios
CI180LED048B,NO,Varios
CI180LED048BKIT,NO,Varios
CI180LED048BN,NO,Varios
CL135LED048PCB,NO,Varios
CL150LED048PCB,NO,Varios
CL60LED048PCB,NO,Varios
CL90LED048B,NO,Varios
CL90LED048PCB,NO,Varios
CLIPLA28351M,NO,Varios
CON0004,NO,Varios
CON0007,NO,Varios
CON30CMSILUINT,NO,Varios
CON5.1HEMBRA,144,Drivers y Controladores
CON5.1MACHO,144,Drivers y Controladores
CON505048KIT,98,Tiras de Leds
CON505048KIT,98,Tiras de Leds
CONCAJA5050,115,Tiras de Leds
CONECTOR 4 P-H,NO,Varios
CONECTOR 4 P-M,NO,Varios
CONGABH,122,Drivers y Controladores
CONGABM,122,Drivers y Controladores
CONINTB150CMBB,72,Iluminacion Modular
CONINTB150CMBB,72,Iluminacion Modular
CONINTB150CMBN,72,Iluminacion Modular
CONINTB150CMBN,72,Iluminacion Modular
CONINTG150CM,NO,Varios
CONINTG30CM,NO,Varios
CONINTGMM,NO,Varios
CONLAT10MM,115,Tiras de Leds
CONLAT5MM,115,Tiras de Leds
CONLAT8MM,115,Tiras de Leds
CONLATRGB,115,Tiras de Leds
CONLATRGB,115,Tiras de Leds
CONLATRGBCOB,115,Tiras de Leds
CONLATRGBCOB,115,Tiras de Leds
CONLATRGBW,115,Tiras de Leds
CONLATRGBW,115,Tiras de Leds
CONPAR30AR111,NO,Varios
COP1015B90FR,300,Rieles
COP1015B90IN,300,Rieles
COP10MM,115,Tiras de Leds
COP10MM,115,Tiras de Leds
COP10MMCAB,115,Tiras de Leds
COP10MMCAB,115,Tiras de Leds
COP5015B90FR,300,Rieles
COP5015B90IN,300,Rieles
COP512COB90HW,96,Tiras de Leds
COP512COB90HWW,96,Tiras de Leds
COP512COB90HZ,96,Tiras de Leds
COP5MM,115,Tiras de Leds
COP5MM,115,Tiras de Leds
COP5MMCAB,115,Tiras de Leds
COP5MMCAB,115,Tiras de Leds
COP8MM,115,Tiras de Leds
COP8MM,115,Tiras de Leds
COP8MMCAB,115,Tiras de Leds
COP8MMCAB,115,Tiras de Leds
COPL10MM,115,Tiras de Leds
COPL10MM,115,Tiras de Leds
COPL8MM,115,Tiras de Leds
COPL8MM,115,Tiras de Leds
COPLE120PA1911,40,Iluminacion Lineal
COPLE120PA240304,NO,Varios
COPLE180DXA19,24,Iluminacion Lineal
COPLE180DXA19N,24,Iluminacion Lineal
COPLE180DXA19N,24,Iluminacion Lineal
COPLE180PA1911,40,Iluminacion Lineal
COPLE180PA240304,NO,Varios
COPLE90PA1911,40,Iluminacion Lineal
COPLE90PA240304,NO,Varios
COPLEMICROT180B,330,Rieles
COPLEMICROT90B,330,Rieles
COPLENANO180,NO,Varios
COPLENANOT180B,NO,Varios
COPLENANOTCAB,NO,Varios
COPLENANOTMMCAB,NO,Varios
COPLEPA3535NFL,14,Iluminacion Lineal
COPLEPA3535NFL,14,Iluminacion Lineal
COPMINI30B180,285,Rieles
COPMINI30B90H,285,Rieles
COPMINI30B90V,285,Rieles
COPMINI30BTH,285,Rieles
COPMINI30BXH,285,Rieles
COPMINI30W180,285,Rieles
COPMINI30W90H,285,Rieles
COPMINI30W90V,285,Rieles
COPMINI30WTH,285,Rieles
COPMINI30WXH,285,Rieles
COPRGB,115,Tiras de Leds
COPRGB,115,Tiras de Leds
COPRGBCAB,115,Tiras de Leds
COPRGBCAB,115,Tiras de Leds
COPRGBCOB,115,Tiras de Leds
COPRGBCOB,115,Tiras de Leds
COPRGBWCAB,115,Tiras de Leds
COPRGBWCAB,115,Tiras de Leds
CP100W,120,Drivers y Controladores
CP150W,120,Drivers y Controladores
CP200W,120,Drivers y Controladores
CP240W,120,Drivers y Controladores
CP24100WHPFMV,121,Drivers y Controladores
CP360WE,121,Drivers y Controladores
CP60W,120,Drivers y Controladores
CPA241.5E,122,Drivers y Controladores
CPGAB100W,122,Drivers y Controladores
CPGAB60W,122,Drivers y Controladores
CPSLIM120WIP67,123,Drivers y Controladores
CPSLIM120WIP67,123,Drivers y Controladores
CPSLIM36WIP67,123,Drivers y Controladores
CPSLIM72WIP67,123,Drivers y Controladores
DD15A244584300E,NO,Varios
DD204030012W,NO,Varios
DD204060020W,NO,Varios
DD254230010W,NO,Varios
DD3W24600E,NO,Varios
DD3W911300E,NO,Varios
DD406050035W ,NO,Varios
DD407030018W,NO,Varios
DD5A18W1562300E,NO,Varios
DD9243007W,NO,Varios
DD92660015W,NO,Varios
DHPFMV11W350,NO,Varios
DHPFMV3W350,NO,Varios
DHPFMV3W700,127,Drivers y Controladores
DHPFMV6W350,127,Drivers y Controladores
DXA19,NO,Varios
DXA19KIT.,22,Iluminacion Lineal
DXA19N,NO,Varios
DXA19NKIT.,22,Iluminacion Lineal
DXAP01,NO,Varios
DXAP01KIT.,11,Iluminacion Lineal
DXAP01N,NO,Varios
DXAP01NKIT.,11,Iluminacion Lineal
DXAP02,NO,Varios
DXAP02KIT.,11,Iluminacion Lineal
DXAP02N,NO,Varios
DXAP02NKIT.,11,Iluminacion Lineal
DXAP06,NO,Varios
DXAP06KIT.,12,Iluminacion Lineal
DXAP06N,NO,Varios
DXAP06NKIT.,12,Iluminacion Lineal
DXAP06NKIT.,12,Iluminacion Lineal
ECAPACTL28355050,114,Tiras de Leds
ECAPACTL9MM,108,Tiras de Leds
ECAPACTL9MM,108,Tiras de Leds
ECAPACTLCOB,112,Tiras de Leds
ENCAP0410,100,Tiras de Leds
ENCAP0612,101,Tiras de Leds
ENCAPDXA19,22,Iluminacion Lineal
ENCAPDXA19N,22,Iluminacion Lineal
ENCAPDXA19N,22,Iluminacion Lineal
ENCAPHOLE0410,100,Tiras de Leds
ENCAPHOLE0612,101,Tiras de Leds
ENDCAP1612,NO,Varios
ENDCAP1612N,18,Iluminacion Lineal
ENDCAP2624SS,260,Rieles
ENDCAP2651SS,NO,Varios
ENDCAP283548,NO,Varios
ENDCAP283548,NO,Varios
ENDCAP505048,98,Tiras de Leds
ENDCAP505048,98,Tiras de Leds
ENDCAP6246EMP,261,Rieles
ENDCAP6246ETRIM,261,Rieles
ENDCAPDXAP01.,11,Iluminacion Lineal
ENDCAPDXAP01N,11,Iluminacion Lineal
ENDCAPDXAP02.,11,Iluminacion Lineal
ENDCAPDXAP02N,11,Iluminacion Lineal
ENDCAPDXAP06.,12,Iluminacion Lineal
ENDCAPDXAP06N.,12,Iluminacion Lineal
ENDCAPDXAP06N.,12,Iluminacion Lineal
ENDCAPH283548,NO,Varios
ENDCAPH283548,NO,Varios
ENDCAPH505048,98,Tiras de Leds
ENDCAPH505048,98,Tiras de Leds
ENDCAPHI283548,NO,Varios
ENDCAPHI283548,NO,Varios
ENDCAPHS283548,NO,Varios
ENDCAPHS283548,NO,Varios
ENDCAPINTG,NO,Varios
ENDCAPMICROTB,330,Rieles
ENDCAPMINI30B,NO,Varios
ENDCAPMINI30W,NO,Varios
ENDCAPTRACKITB,314,Rieles
ENDCAPTRACKITB,314,Rieles
ENDCAPTRACKITW,314,Rieles
ENDCAPTRACKITW,314,Rieles
FP100W24EXT,124,Drivers y Controladores
FP200W24EXT,124,Drivers y Controladores
FP30W12EXT,123,Drivers y Controladores
FP30W24EXT,123,Drivers y Controladores
FPC100W,120,Drivers y Controladores
FPC100W,120,Drivers y Controladores
FPC200W,120,Drivers y Controladores
FPC200W,120,Drivers y Controladores
FPC60W,120,Drivers y Controladores
FPC60W,120,Drivers y Controladores
G92.5WWCE,208,Lamparas
G92.5WWWCE,208,Lamparas
G95WDIMWWC,208,Lamparas
GRAPA0806,19,Iluminacion Lineal
GRAPA0806N,19,Iluminacion Lineal
GRAPA1207,20,Iluminacion Lineal
GRAPA1616,NO,Varios
GRAPA1616N,13,Iluminacion Lineal
GRAPA1722,15,Iluminacion Lineal
GRAPA1806,13,Iluminacion Lineal
GRAPA1806N,13,Iluminacion Lineal
GRAPA1911P,40,Iluminacion Lineal
GRAPA2018,20,Iluminacion Lineal
GRAPA2210,21,Iluminacion Lineal
GRAPA2213,25,Iluminacion Lineal
GRAPA3535,38,Iluminacion Lineal
GRAPA3551,17,Iluminacion Lineal
GRAPA5175,18,Iluminacion Lineal
GRAPA525,28,Iluminacion Lineal
GRAPADXA1812,33,Iluminacion Lineal
GRAPADXA19,22,Iluminacion Lineal
GRAPADXA19N,22,Iluminacion Lineal
GRAPADXA19N,22,Iluminacion Lineal
GRAPADXA2512,34,Iluminacion Lineal
GRAPADXAP01,11,Iluminacion Lineal
GRAPADXAP01N,11,Iluminacion Lineal
GRAPADXAP02,11,Iluminacion Lineal
GRAPADXAP02N,11,Iluminacion Lineal
GRAPADXAP06,12,Iluminacion Lineal
GRAPADXAP06N,12,Iluminacion Lineal
GRAPADXAP06N,12,Iluminacion Lineal
GRAPAILUPA07,27,Iluminacion Lineal
GRAPAILUPA07A,27,Iluminacion Lineal
GRAPAILUPA07N,27,Iluminacion Lineal
GRAPAILUPA07N,27,Iluminacion Lineal
GRAPAILUPA1005,26,Iluminacion Lineal
GRAPAILUPA1009,26,Iluminacion Lineal
GRAPAILUPA1205,28,Iluminacion Lineal
GRAPAILUPA1402,31,Iluminacion Lineal
GRAPAILUPA191,19,Iluminacion Lineal
GRAPAILUPA2310,29,Iluminacion Lineal
GRAPAILUPA2403CO,35,Iluminacion Lineal
GRAPAILUPA2404CO,36,Iluminacion Lineal
GRAPALA0410,100,Tiras de Leds
GRAPALA0612,101,Tiras de Leds
GRAPALA2835,NO,Varios
GRAPAPA1612,18,Iluminacion Lineal
GRPAILUPA2403CON,35,Iluminacion Lineal
GRPAILUPA2403CON,35,Iluminacion Lineal
GRPAILUPA2404CON,36,Iluminacion Lineal
GRPAILUPA2404CON,36,Iluminacion Lineal
GU105WDNWE,206,Lamparas
GU105WDWE,206,Lamparas
GU105WDWWE,206,Lamparas
GU107WNWE,204,Lámparas
GU107WW3860,204,Lamparas
GU107WWE,204,Lamparas
GU107WWW3860,204,Lamparas
GU107WWWE,204,Lamparas
GU109WDNW,205,Lamparas
GU109WDW,205,Lamparas
GU109WDWW,205,Lamparas
GU109WNW,205,Lamparas
GU109WW,205,Lamparas
GU109WWW,205,Lamparas
HYLED350MA03SN,126,Drivers y Controladores
HYLED350MA06SN,126,Drivers y Controladores
HYLED350MA32V11W,126,Drivers y Controladores
HYLED700MA03SN,127,Drivers y Controladores
ILU038GU10B,189,Comerciales
ILU038GU10W,189,Comerciales
ILU038RGU10B,189,Comerciales
ILU038RGU10W,189,Comerciales
ILU107IP54,435,Linea Europea / Decorativa
ILU12WHONEYB,NO,Varios
ILU12WHONEYB,NO,Varios
ILU18WHONEYB,NO,Varios
ILU18WHONEYB,NO,Varios
ILU24WHONEYB,NO,Varios
ILU24WHONEYB,NO,Varios
ILU2650BPC2WB,502,Policarbonatos
ILU2650BPC2WW,502,Policarbonatos
ILU2810PC1WB,501,Policarbonatos
ILU2810PC1WW,501,Policarbonatos
ILU2830PC2WB,501,Policarbonatos
ILU2830PC2WW,501,Policarbonatos
ILU2840PC3WB,502,Policarbonatos
ILU2840PC3WW,502,Policarbonatos
ILU2917GU10DG,NO,Varios
ILU2NEONST1MWWB,364,Linea Europea / Decorativa
ILU366079B,228,Exteriores
ILU366081B,229,Exteriores
ILU366130SB,229,Exteriores
ILU372012B,232,Exteriores
ILU372524W,390,Linea Europea / Decorativa
ILU426012WB,394,Linea Europea / Decorativa
ILU426012WW,394,Linea Europea / Decorativa
ILU506010WBIP54,NO,Varios
ILU50766WBIP54,232,Exteriores
ILU510110WB,163,Comerciales
ILU510110WW,163,Comerciales
ILU51347WDB,NO,Varios
ILU55200S5WWWB,362,Linea Europea / Decorativa
ILU55300S5WWWB,362,Linea Europea / Decorativa
ILU55400S5WWWB,362,Linea Europea / Decorativa
ILU60200S5WWWB,363,Linea Europea / Decorativa
ILU60300S5WWWB,363,Linea Europea / Decorativa
ILU603WCABSE,NO,Varios
ILU603WRABSE,NO,Varios
ILU60400S5WWWB,363,Linea Europea / Decorativa
ILU60875WB,NO,Varios
ILU60886WW,391,Linea Europea / Decorativa
ILU608BRDIRE,NO,Varios
ILU610WRE,NO,Varios
ILU611WCDIRE,184,Comerciales
ILU611WRDIRE,183,Comerciales
ILU8010B,383,Linea Europea / Decorativa
ILU8010W,384,Linea Europea / Decorativa
ILU8020B,383,Linea Europea / Decorativa
ILU8020W,384,Linea Europea / Decorativa
ILU8030B,383,Linea Europea / Decorativa
ILU8030W,NO,Varios
ILU8032IP54,435,Linea Europea / Decorativa
ILU8040B,NO,Varios
ILU8040W,NO,Varios
ILU8050W,384,Linea Europea / Decorativa
ILU8060W,NO,Varios
ILU904414,255,Subacuaticas
ILU9081ALW120N,NO,Varios
ILU9081ALW60N,393,Linea Europea / Decorativa
ILU9081ALW90N,393,Linea Europea / Decorativa
ILU9081ASW120N,392,Linea Europea / Decorativa
ILU9081ASW60N,392,Linea Europea / Decorativa
ILU9081ASW90N,NO,Varios
ILU9081B1ESF,358,Linea Europea / Decorativa
ILU9081B3ESF,359,Linea Europea / Decorativa
ILU9081BCOL37,356,Linea Europea / Decorativa
ILU9081BCOL60,360,Linea Europea / Decorativa
ILU9081BCOL72,356,Linea Europea / Decorativa
ILU9081BCOLN,357,Linea Europea / Decorativa
ILU9081BESF70,358,Linea Europea / Decorativa
ILU9081PIE,NO,Varios
ILU9081SBN,357,Linea Europea / Decorativa
ILU9081W60N,393,Linea Europea / Decorativa
ILUAMPPIXEL,138,Drivers y Controladores
ILUAMPRGBW,NO,Varios
ILUB01270E27B,503,Policarbonatos
ILUB0270PC08WB,503,Policarbonatos
ILUB103710W60DG,NO,Varios
ILUB1917GU10DG,NO,Varios
ILUB20CM5WWWCG,424,Linea Europea / Decorativa
ILUB64CM5WWWCG,425,Linea Europea / Decorativa
ILUB70CM5WWWCG,426,Linea Europea / Decorativa
ILUBAS7WWW,NO,Varios
ILUBASPC5WWW,470,Policarbonatos
ILUBOXFORGB,113,Tiras de Leds
ILUBULKPC15W,486,Policarbonatos
ILUBULKPC20W,486,Policarbonatos
ILUBULKPC8W,486,Policarbonatos
ILUCAB12V2WNWB,NO,Varios
ILUCAB12V2WNWN,NO,Varios
ILUCAB12V2WWWB,NO,Varios
ILUCAB12V2WWWN,NO,Varios
ILUCAB130V4WNWB,197,Comerciales
ILUCAB130V4WNWN,197,Comerciales
ILUCASBRUSH360,102,Tiras de Leds
ILUCASCHROME360,102,Tiras de Leds
ILUCASGOLD360,NO,Varios
ILUCIL2E27IP54B,233,Exteriores
ILUCIL2E27IP54B,233,Exteriores
ILUCIL2GU10IP54B,233,Exteriores
ILUCIL2GU10IP54W,233,Exteriores
ILUCIL2GU10PCB,478,Policarbonatos
ILUCIL360EBKIT,103,Tiras de Leds
ILUCIL360IB,103,Tiras de Leds
ILUCIRMAG9WB,278,Rieles
ILUCOMAG180EMP,263,Rieles
ILUCOMAG180SS,263,Rieles
ILUCOMAGHOR2624,260,Rieles
ILUCOMAGHOR2651,NO,Varios
ILUCOMAGHOREMP,261,Rieles
ILUCOMAGHORTRIM,261,Rieles
ILUCOMAGVER2651,NO,Varios
ILUCOMAGVEREMP,261,Rieles
ILUCOMAGVERTRIM,261,Rieles
ILUCON2GPIXEL,138,Drivers y Controladores
ILUCON2GRGBW,NO,Varios
ILUCONB90HNWB,72,Iluminacion Modular
ILUCONB90HNWB,72,Iluminacion Modular
ILUCONB90HNWN,72,Iluminacion Modular
ILUCONB90HNWN,72,Iluminacion Modular
ILUCONB90HWWB,72,Iluminacion Modular
ILUCONB90HWWB,72,Iluminacion Modular
ILUCONB90HWWN,72,Iluminacion Modular
ILUCONB90HWWN,72,Iluminacion Modular
ILUCONBCRHNWB,72,Iluminacion Modular
ILUCONBCRHNWB,72,Iluminacion Modular
ILUCONBCRHNWN,72,Iluminacion Modular
ILUCONBCRHNWN,72,Iluminacion Modular
ILUCONBCRHWWB,72,Iluminacion Modular
ILUCONBCRHWWB,72,Iluminacion Modular
ILUCONBCRHWWN,72,Iluminacion Modular
ILUCONBCRHWWN,72,Iluminacion Modular
ILUCONBTHNWB,72,Iluminacion Modular
ILUCONBTHNWB,72,Iluminacion Modular
ILUCONBTHNWN,72,Iluminacion Modular
ILUCONBTHNWN,72,Iluminacion Modular
ILUCONBTHWWB,72,Iluminacion Modular
ILUCONBTHWWB,72,Iluminacion Modular
ILUCONBTHWWN,72,Iluminacion Modular
ILUCONBTHWWN,72,Iluminacion Modular
ILUCONBXHNWB,72,Iluminacion Modular
ILUCONBXHNWB,72,Iluminacion Modular
ILUCONBXHNWN,72,Iluminacion Modular
ILUCONBXHNWN,72,Iluminacion Modular
ILUCONBXHWWB,72,Iluminacion Modular
ILUCONBXHWWB,72,Iluminacion Modular
ILUCONBXHWWN,72,Iluminacion Modular
ILUCONBXHWWN,72,Iluminacion Modular
ILUCONCRE4.5W06,345,Linea Europea / Decorativa
ILUCONCRE4.5W07,345,Linea Europea / Decorativa
ILUCONCREE1402,345,Linea Europea / Decorativa
ILUCONCREE1403,345,Linea Europea / Decorativa
ILUCONG90HNW,51,Iluminacion Modular
ILUCONG90HWW,50,Iluminacion Modular
ILUCONGTHNW,51,Iluminacion Modular
ILUCONGTHWW,50,Iluminacion Modular
ILUCONGXHNW,51,Iluminacion Modular
ILUCONGXHWW,50,Iluminacion Modular
ILUCONO17E27BE,485,Policarbonatos
ILUCONSPMR6WWWB,294,Rieles
ILUCONSTAIRAPP,139,Drivers y Controladores
ILUCONWS,52,Iluminacion Modular
ILUCONWS120HT,52,Iluminacion Modular
ILUCONWS180HT,52,Iluminacion Modular
ILUCONWS90HT,52,Iluminacion Modular
ILUCONWSTHT,52,Iluminacion Modular
ILUCONWSXHT,52,Iluminacion Modular
ILUCONWSYHT,52,Iluminacion Modular
ILUCOPLE90RIELB,315,Rieles
ILUCOPLE90RIELW,315,Rieles
ILUCOPLETLARIELB,315,Rieles
ILUCOPLETLARIELW,315,Rieles
ILUCOPLETRIELB,315,Rieles
ILUCOPLETRIELW,315,Rieles
ILUCOPLEXRIELB,315,Rieles
ILUCOPLEXRIELW,315,Rieles
ILUCOPMAG180,262,Rieles
ILUCOPMAG360HB,267,Rieles
ILUCOPMAGCAB,262,Rieles
ILUCOPMAGMMCAB,262,Rieles
ILUCOPMAGMMCABS,263,Rieles
ILUDA5EN11002467,125,Drivers y Controladores
ILUDA5EN1100W24,124,Drivers y Controladores
ILUDA5EN12002467,125,Drivers y Controladores
ILUDA5EN1200W24,124,Drivers y Controladores
ILUDA5EN1200W48,265,Rieles
ILUDA5EN1350W24,124,Drivers y Controladores
ILUDA5EN160W24,124,Drivers y Controladores
ILUDA5EN160W2467,125,Drivers y Controladores
ILUDIM002HOLD,140,Drivers y Controladores
ILUDIMPA011,142,Drivers y Controladores
ILUDMX512RGBW,NO,Varios
ILUDOWN12W24DNW,453,Policarbonatos
ILUDOWN12W24DWW,453,Policarbonatos
ILUDOWN21ACBW,463,Policarbonatos
ILUDOWN21ACBWW,463,Policarbonatos
ILUDOWN21ACWWW,463,Policarbonatos
ILUDOWN22ARBW,463,Policarbonatos
ILUDOWN22ARBWW,NO,Varios
ILUDOWN22ARWW,NO,Varios
ILUDOWN22ARWWW,463,Policarbonatos
ILUDOWNCCT12WHO,190,Comerciales
ILUDOWNCCT12WHO,190,Comerciales
ILUDOWNCCT12WHOB,191,Comerciales
ILUDOWNCCT12WHOB,191,Comerciales
ILUDOWNCCT18WHO,190,Comerciales
ILUDOWNCCT18WHO,190,Comerciales
ILUDOWNCCT18WHOB,191,Comerciales
ILUDOWNCCT18WHOB,191,Comerciales
ILUDOWNCCT24WHO,190,Comerciales
ILUDOWNCCT24WHO,190,Comerciales
ILUDOWNCCT24WHOB,191,Comerciales
ILUDOWNCCT24WHOB,191,Comerciales
ILUDOWNCCT7W,457,Policarbonatos
ILUDOWNCPC12WNW,453,Policarbonatos
ILUDOWNCPC12WWW,453,Policarbonatos
ILUDOWNCYR12WNW,190,Comerciales
ILUDOWNCYR12WNW,190,Comerciales
ILUDOWNCYR12WWW,190,Comerciales
ILUDOWNCYR12WWW,190,Comerciales
ILUDOWNCYR18WNW,190,Comerciales
ILUDOWNCYR18WNW,190,Comerciales
ILUDOWNCYR18WWW,190,Comerciales
ILUDOWNCYR18WWW,190,Comerciales
ILUDOWNCYR24WNW,190,Comerciales
ILUDOWNCYR24WNW,190,Comerciales
ILUDOWNCYR24WWW,190,Comerciales
ILUDOWNCYR24WWW,190,Comerciales
ILUDOWNDUAL15WW,464,Policarbonatos
ILUDOWNDUAL15WWW,464,Policarbonatos
ILUDOWNDUAL22WW,465,Policarbonatos
ILUDOWNDUAL22WWW,465,Policarbonatos
ILUDOWNDUAL32WW,465,Policarbonatos
ILUDOWNDUAL32WWW,465,Policarbonatos
ILUDOWNDUAL9WW,464,Policarbonatos
ILUDOWNDUAL9WWW,464,Policarbonatos
ILUDOWNOP18WWE,NO,Varios
ILUDOWNP12WNWDE,462,Policarbonatos
ILUDOWNP12WWDE,462,Policarbonatos
ILUDOWNP12WWE,459,Policarbonatos
ILUDOWNP12WWWDE,462,Policarbonatos
ILUDOWNP12WWWE,459,Policarbonatos
ILUDOWNP6WWDE,460,Policarbonatos
ILUDOWNP6WWE,458,Policarbonatos
ILUDOWNP6WWWDE,460,Policarbonatos
ILUDOWNP6WWWE,458,Policarbonatos
ILUDOWNP9WNWDE,461,Policarbonatos
ILUDOWNP9WWDE,461,Policarbonatos
ILUDOWNP9WWE,459,Policarbonatos
ILUDOWNP9WWWDE,461,Policarbonatos
ILUDOWNP9WWWE,459,Policarbonatos
ILUDOWNPB12WWDE,462,Policarbonatos
ILUDOWNPB12WWE,460,Policarbonatos
ILUDOWNPB12WWWDE,462,Policarbonatos
ILUDOWNPB12WWWE,460,Policarbonatos
ILUDOWNPB6WWDE,461,Policarbonatos
ILUDOWNPB6WWE,458,Policarbonatos
ILUDOWNPB6WWWDE,461,Policarbonatos
ILUDOWNPB6WWWE,458,Policarbonatos
ILUDOWNR24WNW,NO,Varios
ILUDOWNRPC12WNW,452,Policarbonatos
ILUDOWNRPC12WWW,452,Policarbonatos
ILUDOWNRPC5WWWB,457,Policarbonatos
ILUDOWNRPC5WWWW,457,Policarbonatos
ILUDOWNTH337WWE,191,Comerciales
ILUDRIVEME40W,NO,Varios
ILUDWBOXNWSOB,71,Iluminacion Modular
ILUDWBOXNWSOB,71,Iluminacion Modular
ILUDWBOXNWSUS,71,Iluminacion Modular
ILUDWBOXNWSUS,71,Iluminacion Modular
ILUDWBOXWWSOB,68,Iluminacion Modular
ILUDWBOXWWSOB,68,Iluminacion Modular
ILUDWBOXWWSUS,68,Iluminacion Modular
ILUDWBOXWWSUS,68,Iluminacion Modular
ILUDWCOP2LNWSOB,71,Iluminacion Modular
ILUDWCOP2LNWSOB,71,Iluminacion Modular
ILUDWCOP2LNWSUS,71,Iluminacion Modular
ILUDWCOP2LNWSUS,71,Iluminacion Modular
ILUDWCOP2LWWSOB,68,Iluminacion Modular
ILUDWCOP2LWWSOB,68,Iluminacion Modular
ILUDWCOP2LWWSUS,68,Iluminacion Modular
ILUDWCOP2LWWSUS,68,Iluminacion Modular
ILUDWCOP3LNWSOB,71,Iluminacion Modular
ILUDWCOP3LNWSOB,71,Iluminacion Modular
ILUDWCOP3LNWSUS,71,Iluminacion Modular
ILUDWCOP3LNWSUS,71,Iluminacion Modular
ILUDWCOP3LWWSOB,68,Iluminacion Modular
ILUDWCOP3LWWSOB,68,Iluminacion Modular
ILUDWCOP3LWWSUS,68,Iluminacion Modular
ILUDWCOP3LWWSUS,68,Iluminacion Modular
ILUDWCOPZZNWSOB,71,Iluminacion Modular
ILUDWCOPZZNWSOB,71,Iluminacion Modular
ILUDWCOPZZNWSUS,71,Iluminacion Modular
ILUDWCOPZZNWSUS,71,Iluminacion Modular
ILUDWCOPZZWWSOB,68,Iluminacion Modular
ILUDWCOPZZWWSOB,68,Iluminacion Modular
ILUDWCOPZZWWSUS,68,Iluminacion Modular
ILUDWCOPZZWWSUS,68,Iluminacion Modular
ILUDXA1812,NO,Varios
ILUDXA1812KIT.,33,Iluminacion Lineal
ILUDXA2512,NO,Varios
ILUDXA2512KIT.,34,Iluminacion Lineal
ILUDXB60911,NO,Varios
ILUDXB90131,NO,Varios
ILUDXX7010B48NW,164,Comerciales
ILUDXX7010B48WW,164,Comerciales
ILUDXX7012B55NW,164,Comerciales
ILUDXX7012B55WW,164,Comerciales
ILUEDTDFC6143,434,Linea Europea / Decorativa
ILUEDY21,192,Comerciales
ILUELICORMAG10W,280,Rieles
ILUEMPLE10455WWW,NO,Varios
ILUEMPLE10459WWW,NO,Varios
ILUEMPLENS12WWW,221,Exteriores
ILUEMPLENS12WWW,221,Exteriores
ILUEMPLENS3WWW,221,Exteriores
ILUEMPLENS5WWW,221,Exteriores
ILUEMPLENS5WWW,221,Exteriores
ILUEMPT5WWW,222,Exteriores
ILUENDCAHNEON360,102,Tiras de Leds
ILUENDCAPNEON360,102,Tiras de Leds
ILUEP10WHONWW,222,Exteriores
ILUEP15WHONWW,222,Exteriores
ILUEP1WWW,219,Exteriores
ILUEP3WWW,220,Exteriores
ILUEP5WHONWW,222,Exteriores
ILUEPL05W,218,Exteriores
ILUEPL1W,219,Exteriores
ILUESF15E27B,236,Exteriores
ILUESF15E27B,236,Exteriores
ILUESF20E27B,237,Exteriores
ILUESF20E27B,237,Exteriores
ILUESFMAG6W,278,Rieles
ILUESFPC7WBE,490,Policarbonatos
ILUESFPC7WBE,490,Policarbonatos
ILUESP50CMC,456,Policarbonatos
ILUEST1207WWWB,227,Exteriores
ILUEST2051,226,Exteriores
ILUEST205150CM,NO,Varios
ILUEST5WWW,225,Exteriores
ILUEST603WWWB,227,Exteriores
ILUEST7WWW,226,Exteriores
ILUESTGU10,NO,Varios
ILUESTPC066012W,506,Policarbonatos
ILUESTPC5WWW,469,Policarbonatos
ILUESTPC60506W,506,Policarbonatos
ILUESTPC9WWW,470,Policarbonatos
ILUESTPCGU10,471,Policarbonatos
ILUESTPCGU10,471,Policarbonatos
ILUEUR01WWB,369,Linea Europea / Decorativa
ILUEUR01WWW,369,Linea Europea / Decorativa
ILUEUR02WWB,370,Linea Europea / Decorativa
ILUEUR02WWW,370,Linea Europea / Decorativa
ILUEUR039G9MBCR,381,Linea Europea / Decorativa
ILUEUR039G9MBCR,381,Linea Europea / Decorativa
ILUEUR039G9MCMR,381,Linea Europea / Decorativa
ILUEUR039G9MCMR,381,Linea Europea / Decorativa
ILUEUR03WWB,388,Linea Europea / Decorativa
ILUEUR04WWB,370,Linea Europea / Decorativa
ILUEUR04WWW,370,Linea Europea / Decorativa
ILUEUR054G9MBCR,382,Linea Europea / Decorativa
ILUEUR054G9MBCR,382,Linea Europea / Decorativa
ILUEUR1004G9P,404,Linea Europea / Decorativa
ILUEUR1004G9P,404,Linea Europea / Decorativa
ILUEUR135MWWBG,387,Linea Europea / Decorativa
ILUEUR135MWWBW,387,Linea Europea / Decorativa
ILUEUR135SWWBG,387,Linea Europea / Decorativa
ILUEUR135SWWBW,387,Linea Europea / Decorativa
ILUEUR1360WWB,396,Linea Europea / Decorativa
ILUEUR1361WWB,NO,Varios
ILUEUR1362B,388,Linea Europea / Decorativa
ILUEUR1362G,388,Linea Europea / Decorativa
ILUEUR1363B,388,Linea Europea / Decorativa
ILUEUR1364B,388,Linea Europea / Decorativa
ILUEUR1364G,NO,Varios
ILUEUR136WWB,351,Linea Europea / Decorativa
ILUEUR136WWWB,397,Linea Europea / Decorativa
ILUEUR1511WWB,374,Linea Europea / Decorativa
ILUEUR1511WWW,374,Linea Europea / Decorativa
ILUEUR1522WWB,375,Linea Europea / Decorativa
ILUEUR1522WWW,375,Linea Europea / Decorativa
ILUEUR1US15WWW,354,Linea Europea / Decorativa
ILUEUR200287WWWB,349,Linea Europea / Decorativa
ILUEUR200439WB,360,Linea Europea / Decorativa
ILUEUR20046CG,340,Linea Europea / Decorativa
ILUEUR2032WWB,385,Linea Europea / Decorativa
ILUEUR203WWB,384,Linea Europea / Decorativa
ILUEUR2420WWB,365,Linea Europea / Decorativa
ILUEUR2420WWB,365,Linea Europea / Decorativa
ILUEUR2426B,368,Linea Europea / Decorativa
ILUEUR2426B,368,Linea Europea / Decorativa
ILUEUR2426G9P,403,Linea Europea / Decorativa
ILUEUR2426G9P,403,Linea Europea / Decorativa
ILUEUR2427WWB,367,Linea Europea / Decorativa
ILUEUR2427WWB,367,Linea Europea / Decorativa
ILUEUR30010CG,377,Linea Europea / Decorativa
ILUEUR30010YW,377,Linea Europea / Decorativa
ILUEUR30028B,350,Linea Europea / Decorativa
ILUEUR3005WWWG,427,Linea Europea / Decorativa
ILUEUR4005WWWG,427,Linea Europea / Decorativa
ILUEUR41934TB,407,Linea Europea / Decorativa
ILUEUR41934TB,407,Linea Europea / Decorativa
ILUEUR41936TB,408,Linea Europea / Decorativa
ILUEUR41936TB,408,Linea Europea / Decorativa
ILUEUR41948TB,366,Linea Europea / Decorativa
ILUEUR41948TB,366,Linea Europea / Decorativa
ILUEUR41961TB,409,Linea Europea / Decorativa
ILUEUR41961TB,409,Linea Europea / Decorativa
ILUEUR41962TB,410,Linea Europea / Decorativa
ILUEUR41962TB,410,Linea Europea / Decorativa
ILUEUR41WWG,348,Linea Europea / Decorativa
ILUEUR42WWB,349,Linea Europea / Decorativa
ILUEUR42WWG,349,Linea Europea / Decorativa
ILUEUR440P7WWW,397,Linea Europea / Decorativa
ILUEUR440S7WWW,352,Linea Europea / Decorativa
ILUEUR440T7WWW,376,Linea Europea / Decorativa
ILUEUR445S8WWW,350,Linea Europea / Decorativa
ILUEUR446S25WWW,351,Linea Europea / Decorativa
ILUEUR446S51WWW,351,Linea Europea / Decorativa
ILUEUR446S51WWW,351,Linea Europea / Decorativa
ILUEUR44837WWW,376,Linea Europea / Decorativa
ILUEUR44851WWW,376,Linea Europea / Decorativa
ILUEUR44851WWW,376,Linea Europea / Decorativa
ILUEUR50515WWWB,398,Linea Europea / Decorativa
ILUEUR51429WWWB,399,Linea Europea / Decorativa
ILUEUR51630WWWB,399,Linea Europea / Decorativa
ILUEUR52427WWWB,398,Linea Europea / Decorativa
ILUEUR531012WWWB,401,Linea Europea / Decorativa
ILUEUR553810WWWB,400,Linea Europea / Decorativa
ILUEUR554014WWWB,401,Linea Europea / Decorativa
ILUEUR556013WWWB,400,Linea Europea / Decorativa
ILUEUR6006WWWG,427,Linea Europea / Decorativa
ILUEUR6008CG,386,Linea Europea / Decorativa
ILUEUR6008YW,386,Linea Europea / Decorativa
ILUEUR6009CG,386,Linea Europea / Decorativa
ILUEUR6009YW,386,Linea Europea / Decorativa
ILUEUR6065S24WWW,354,Linea Europea / Decorativa
ILUEUR609016WWW,406,Linea Europea / Decorativa
ILUEUR609016WWW,406,Linea Europea / Decorativa
ILUEUR6092P8WWW,405,Linea Europea / Decorativa
ILUEUR6092P8WWW,405,Linea Europea / Decorativa
ILUEUR72S12WWW,353,Linea Europea / Decorativa
ILUEUR72TP12WWW,353,Linea Europea / Decorativa
ILUEUR7506CG,341,Linea Europea / Decorativa
ILUEUR7506YW,341,Linea Europea / Decorativa
ILUEUR7508CG,341,Linea Europea / Decorativa
ILUEUR7508YW,341,Linea Europea / Decorativa
ILUEUR7513CG,342,Linea Europea / Decorativa
ILUEUR7513YW,342,Linea Europea / Decorativa
ILUEUR7516CG,343,Linea Europea / Decorativa
ILUEUR7516YW,343,Linea Europea / Decorativa
ILUEUR7524YW,343,Linea Europea / Decorativa
ILUEUR7527YW,344,Linea Europea / Decorativa
ILUEUR8003CG,411,Linea Europea / Decorativa
ILUEUR8003YW,411,Linea Europea / Decorativa
ILUEUR8004CG,411,Linea Europea / Decorativa
ILUEUR8004YW,411,Linea Europea / Decorativa
ILUEUR8006WWWG,427,Linea Europea / Decorativa
ILUEUR8013CG,412,Linea Europea / Decorativa
ILUEUR8013YW,412,Linea Europea / Decorativa
ILUEUR8015CG,412,Linea Europea / Decorativa
ILUEUR8015YW,412,Linea Europea / Decorativa
ILUEUR8016CG,413,Linea Europea / Decorativa
ILUEUR8016YW,413,Linea Europea / Decorativa
ILUEUR8017CG,413,Linea Europea / Decorativa
ILUEUR8017YW,413,Linea Europea / Decorativa
ILUEUR8019CG,414,Linea Europea / Decorativa
ILUEUR8019YW,414,Linea Europea / Decorativa
ILUEUR8020CG,414,Linea Europea / Decorativa
ILUEUR8020YW,414,Linea Europea / Decorativa
ILUEUR8021CG,415,Linea Europea / Decorativa
ILUEUR8021YW,415,Linea Europea / Decorativa
ILUEUR8022CG,415,Linea Europea / Decorativa
ILUEUR8022YW,415,Linea Europea / Decorativa
ILUEUR8102G9P,395,Linea Europea / Decorativa
ILUEUR8102G9S,355,Linea Europea / Decorativa
ILUEUR9028A5CWWD,340,Linea Europea / Decorativa
ILUEUR9028A5WWD,339,Linea Europea / Decorativa
ILUEUR9028B5CWWD,340,Linea Europea / Decorativa
ILUEUR9028D5WWD,339,Linea Europea / Decorativa
ILUEUR9028F5WWD,339,Linea Europea / Decorativa
ILUEUR9028H5WWD,339,Linea Europea / Decorativa
ILUEUR9028J5WWD,339,Linea Europea / Decorativa
ILUEUR9028M15WWD,339,Linea Europea / Decorativa
ILUEUR9080100WB,417,Linea Europea / Decorativa
ILUEURESF08CMCG,344,Linea Europea / Decorativa
ILUEURESF12CMCG,344,Linea Europea / Decorativa
ILUEURESF21CMCG,344,Linea Europea / Decorativa
ILUEURGX6001CG,385,Linea Europea / Decorativa
ILUEURGX6001YW,385,Linea Europea / Decorativa
ILUEURGX7514CG,342,Linea Europea / Decorativa
ILUEURGX7514YW,342,Linea Europea / Decorativa
ILUEURMOD36WWB,336,Linea Europea / Decorativa
ILUEURMOD37WWBG,336,Linea Europea / Decorativa
ILUEURMOD38WWBG,337,Linea Europea / Decorativa
ILUEURPAN361B,336,Linea Europea / Decorativa
ILUEURPAN362B,336,Linea Europea / Decorativa
ILUEURPAN363B,336,Linea Europea / Decorativa
ILUEURPAN371B,336,Linea Europea / Decorativa
ILUEURPAN371G,336,Linea Europea / Decorativa
ILUEURPAN373B,336,Linea Europea / Decorativa
ILUEURPAN373G,336,Linea Europea / Decorativa
ILUEURPAN374B,336,Linea Europea / Decorativa
ILUEURPAN374G,336,Linea Europea / Decorativa
ILUEURPAN377B,336,Linea Europea / Decorativa
ILUEURPAN377G,336,Linea Europea / Decorativa
ILUEURPAN378B,336,Linea Europea / Decorativa
ILUEURPAN378G,336,Linea Europea / Decorativa
ILUEURPAN379B,336,Linea Europea / Decorativa
ILUEURPAN379G,336,Linea Europea / Decorativa
ILUEURPAN381B,337,Linea Europea / Decorativa
ILUEURPAN381G,337,Linea Europea / Decorativa
ILUEURPAN382B,337,Linea Europea / Decorativa
ILUEURPAN382G,337,Linea Europea / Decorativa
ILUEURS11GU10B,377,Linea Europea / Decorativa
ILUEURS16GU10B,377,Linea Europea / Decorativa
ILUEURSC105WWWB,383,Linea Europea / Decorativa
ILUEURSC205WWWB,383,Linea Europea / Decorativa
ILUEURSC305WWWB,383,Linea Europea / Decorativa
ILUEURSF0411G9,379,Linea Europea / Decorativa
ILUEURSF0411G9,379,Linea Europea / Decorativa
ILUEURSF0412G9,423,Linea Europea / Decorativa
ILUEURSF0412G9,423,Linea Europea / Decorativa
ILUEURSF0413G9,378,Linea Europea / Decorativa
ILUEURSF0413G9,378,Linea Europea / Decorativa
ILUEURSF0414G9,428,Linea Europea / Decorativa
ILUEURSF0414G9,428,Linea Europea / Decorativa
ILUEURSF2348WWB,420,Linea Europea / Decorativa
ILUEURSF2348WWB,420,Linea Europea / Decorativa
ILUEURSF2461WWB,419,Linea Europea / Decorativa
ILUEURSF2461WWB,419,Linea Europea / Decorativa
ILUEURSF2462WWB,418,Linea Europea / Decorativa
ILUEURSF2462WWB,418,Linea Europea / Decorativa
ILUEURSF2465G9,402,Linea Europea / Decorativa
ILUEURSF2465G9,402,Linea Europea / Decorativa
ILUEURSF265WWB,422,Linea Europea / Decorativa
ILUEURSF265WWB,422,Linea Europea / Decorativa
ILUEURSF266WWB,421,Linea Europea / Decorativa
ILUEURSF266WWB,421,Linea Europea / Decorativa
ILUEURSF267WWB,380,Linea Europea / Decorativa
ILUEURSF267WWB,380,Linea Europea / Decorativa
ILUEURTRIM6501W,372,Linea Europea / Decorativa
ILUEURTRIM6502W,372,Linea Europea / Decorativa
ILUEURTRIM6503W,373,Linea Europea / Decorativa
ILUEURTRIM6522W,373,Linea Europea / Decorativa
ILUEURTRIM6551W,374,Linea Europea / Decorativa
ILUFAROL15E27BE,484,Policarbonatos
ILUFAROL18E27BE,484,Policarbonatos
ILUFAROL19E27BE,485,Policarbonatos
ILUFLOODMR12WNWB,286,Rieles
ILUFLOODMR12WNWB,286,Rieles
ILUFLOODMR12WWWB,286,Rieles
ILUFLOODMR12WWWW,286,Rieles
ILUFO400P3M075,113,Tiras de Leds
ILUGRAPANEON360,102,Tiras de Leds
ILUGTP3WWWB,433,Linea Europea / Decorativa
ILUGY3WWWB,433,Linea Europea / Decorativa
ILUINT120NW20WA,NO,Varios
ILUINT150NW24WA,NO,Varios
ILUINT60NW10WA,NO,Varios
ILUINT90NW14WA,NO,Varios
ILUINTB120CMNWB,72,Iluminacion Modular
ILUINTB120CMNWB,72,Iluminacion Modular
ILUINTB120CMNWN,72,Iluminacion Modular
ILUINTB120CMNWN,72,Iluminacion Modular
ILUINTB120CMWWB,72,Iluminacion Modular
ILUINTB120CMWWB,72,Iluminacion Modular
ILUINTB120CMWWN,72,Iluminacion Modular
ILUINTB120CMWWN,72,Iluminacion Modular
ILUINTDW26CMCNW,71,Iluminacion Modular
ILUINTDW26CMCNW,71,Iluminacion Modular
ILUINTDW26CMCWW,68,Iluminacion Modular
ILUINTDW26CMCWW,68,Iluminacion Modular
ILUINTDW28CMLNW,71,Iluminacion Modular
ILUINTDW28CMLNW,71,Iluminacion Modular
ILUINTDW28CMLWW,68,Iluminacion Modular
ILUINTDW28CMLWW,68,Iluminacion Modular
ILUINTDW35CMLNW,71,Iluminacion Modular
ILUINTDW35CMLNW,71,Iluminacion Modular
ILUINTDW35CMLWW,68,Iluminacion Modular
ILUINTDW35CMLWW,68,Iluminacion Modular
ILUINTDW38CMCNW,71,Iluminacion Modular
ILUINTDW38CMCNW,71,Iluminacion Modular
ILUINTDW38CMCWW,68,Iluminacion Modular
ILUINTDW38CMCWW,68,Iluminacion Modular
ILUINTG120CMNW,51,Iluminacion Modular
ILUINTG120CMWW,50,Iluminacion Modular
ILUINTWS045CMW,52,Iluminacion Modular
ILUINTWS120CMW,52,Iluminacion Modular
ILUIR003HANDD,142,Drivers y Controladores
ILUIR005EMP,143,Drivers y Controladores
ILUIR005SOB,143,Drivers y Controladores
ILUIR007DOOR,142,Drivers y Controladores
ILUIRGABM,122,Drivers y Controladores
ILUJDDM75E,254,Subacuaticas
ILUJDDMS42E,254,Subacuaticas
ILUK300MA03W,NO,Varios
ILUK605ABA,197,Comerciales
ILUK605ABNWA,NO,Varios
ILUK605ASNWA,197,Comerciales
ILUKITFLESKYLINE,NO,Varios
ILUKITOLAS360,104,Tiras de Leds
ILUKITSKYNEON,45,Iluminacion Lineal
ILUKITSOB360,105,Tiras de Leds
ILUKITSOBVER360,105,Tiras de Leds
ILUKITSPLICE360,105,Tiras de Leds
ILUKITSUJSKYLINB,NO,Varios
ILUKITSUJSKYLINE,NO,Varios
ILUKITSUSPHOR360,105,Tiras de Leds
ILUKITSUSPVER360,105,Tiras de Leds
ILULD07252NRE,429,Linea Europea / Decorativa
ILULD07446CE,430,Linea Europea / Decorativa
ILULD07446RE,429,Linea Europea / Decorativa
ILULDE001G80NW,NO,Varios
ILULDE003GNW,198,Comerciales
ILULED048B12040W,NO,Varios
ILULED0812029WB,NO,Varios
ILULED0815036WB,NO,Varios
ILULED114210WB,NO,Varios
ILULED114212WB,NO,Varios
ILULED114212WW,NO,Varios
ILULED114220WB,NO,Varios
ILULED114220WB,NO,Varios
ILULED114230WB,NO,Varios
ILULED114230WB,NO,Varios
ILULED114240WB,NO,Varios
ILULED114240WB,NO,Varios
ILULED114250WB,NO,Varios
ILULED114250WB,NO,Varios
ILULED114260WB,NO,Varios
ILULED114260WB,NO,Varios
ILULED117220WB,230,Exteriores
ILULED117220WW,230,Exteriores
ILULED34504WB,483,Policarbonatos
ILULED34504WW,483,Policarbonatos
ILULED3WB,227,Exteriores
ILULED6WB,228,Exteriores
ILULED6WW,NO,Varios
ILULWE13WNW50,199,Comerciales
ILULWE5061CNWT3W,199,Comerciales
ILUMICRO2SD2WWWB,330,Rieles
ILUMICROF1WWWB,330,Rieles
ILUMICRORD1WWWB,330,Rieles
ILUMICROSD1WWWB,330,Rieles
ILUMINCUGRMAG3W,274,Rieles
ILUMINRUGRMAG3W,273,Rieles
ILUMIRR009DIM,141,Drivers y Controladores
ILUMOD12WNW,NO,Varios
ILUMOD12WWW,NO,Varios
ILUMOD18WNW,NO,Varios
ILUMOD18WWW,NO,Varios
ILUMOD3WWWBNDP,NO,Varios
ILUMOD5WWIP54,178,Comerciales
ILUMOD5WWWIP54,178,Comerciales
ILUMOD8WWIP54,NO,Varios
ILUMOD8WWIP54,NO,Varios
ILUMOD8WWWIP54,NO,Varios
ILUMOD8WWWIP54,NO,Varios
ILUMOD9WWW,NO,Varios
ILUMODPC7WW,NO,Varios
ILUMODPC7WWW,NO,Varios
ILUMODPC8WNW,NO,Varios
ILUMODPC8WNWIP20,NO,Varios
ILUMODPC8WNWIP20,NO,Varios
ILUMODPC8WW,NO,Varios
ILUMODPC8WWIP20,NO,Varios
ILUMODPC8WWIP20,NO,Varios
ILUMODPC8WWW,NO,Varios
ILUMODPC8WWWIP20,NO,Varios
ILUMODPC8WWWIP20,NO,Varios
ILUMUSB2WWWB,156,Comerciales
ILUMUSB2WWWW,156,Comerciales
ILUMXD1001GU10,220,Exteriores
ILUMYB1403WWWB,417,Linea Europea / Decorativa
ILUMZ13B18WWWB,346,Linea Europea / Decorativa
ILUMZ13C18WWWB,375,Linea Europea / Decorativa
ILUNANEMPR2WWWB,310,Rieles
ILUNANEMPRB2WWWB,311,Rieles
ILUNANOC7WWWBW,309,Rieles
ILUNANOCON2WWWB,305,Rieles
ILUNANOESF7WWWB,308,Rieles
ILUNANOFL10WWWB,302,Rieles
ILUNANOFL10WWWB,302,Rieles
ILUNANOHAT7WWWB,309,Rieles
ILUNANOL3WWWB,301,Rieles
ILUNANOLD20WWWB,303,Rieles
ILUNANOLD20WWWB,303,Rieles
ILUNANORP12WWWB,308,Rieles
ILUNANORP6WWWB,308,Rieles
ILUNANOSD1WWWRB,305,Rieles
ILUNANOSD2WWWBF,304,Rieles
ILUNANOSD5WWWBF,304,Rieles
ILUNANOSD9WWWRB,307,Rieles
ILUNANOSDE1WWWRB,306,Rieles
ILUNANOSM2WWWBF,306,Rieles
ILUNANOSOFT6WWW,310,Rieles
ILUNANOSPF7WWWW,307,Rieles
ILUNANOSUS2WWWB,304,Rieles
ILUNANOSUS5WWWB,304,Rieles
ILUNANSOBR2WWWB,311,Rieles
ILUNCC1509W,NO,Varios
ILUNEOGLASS18WWW,346,Linea Europea / Decorativa
ILUNEON360NW,102,Tiras de Leds
ILUNEON360NW15W,103,Tiras de Leds
ILUNEON360RGB,103,Tiras de Leds
ILUNEON360WW,102,Tiras de Leds
ILUNEON360WW15W,103,Tiras de Leds
ILUNEON90W5MNWB,364,Linea Europea / Decorativa
ILUNEON90W5MWWB,364,Linea Europea / Decorativa
ILUNEONMAG100WWB,280,Rieles
ILUNEONMAG200WWB,280,Rieles
ILUNEONMR100WWB,296,Rieles
ILUNEONMR50WWB,296,Rieles
ILUNOV3WWDIR,195,Comerciales
ILUNOV3WWWDIR,195,Comerciales
ILUP026S12WWWB,347,Linea Europea / Decorativa
ILUP036S12WWWB,348,Linea Europea / Decorativa
ILUP2302G,500,Policarbonatos
ILUP355S12WWWB,347,Linea Europea / Decorativa
ILUPA07,NO,Varios
ILUPA07A,NO,Varios
ILUPA07AKIT.,27,Iluminacion Lineal
ILUPA07AN,NO,Varios
ILUPA07ANKIT.,27,Iluminacion Lineal
ILUPA07KIT.,27,Iluminacion Lineal
ILUPA07N,NO,Varios
ILUPA07NKIT.,27,Iluminacion Lineal
ILUPA0806KIT.,19,Iluminacion Lineal
ILUPA0806NKIT.,19,Iluminacion Lineal
ILUPA1005,NO,Varios
ILUPA1005KIT.,26,Iluminacion Lineal
ILUPA1009,NO,Varios
ILUPA1009KIT.,26,Iluminacion Lineal
ILUPA109,NO,Varios
ILUPA109KIT.,12,Iluminacion Lineal
ILUPA109N,NO,Varios
ILUPA109NKIT.,12,Iluminacion Lineal
ILUPA1205,NO,Varios
ILUPA1205KIT.,28,Iluminacion Lineal
ILUPA1205N,NO,Varios
ILUPA1205NKIT.,28,Iluminacion Lineal
ILUPA1205NKIT.,28,Iluminacion Lineal
ILUPA1207KIT.,20,Iluminacion Lineal
ILUPA1401,NO,Varios
ILUPA1401KIT.,31,Iluminacion Lineal
ILUPA1401N,NO,Varios
ILUPA1401NKIT.,31,Iluminacion Lineal
ILUPA1402,NO,Varios
ILUPA1402KIT.,31,Iluminacion Lineal
ILUPA1402N,NO,Varios
ILUPA1402NKIT.,31,Iluminacion Lineal
ILUPA1722NUGR,NO,Varios
ILUPA1722NUGRC,NO,Varios
ILUPA1722NUGRCKI,15,Iluminacion Lineal
ILUPA1722NUGRKIT,15,Iluminacion Lineal
ILUPA1722UGR,NO,Varios
ILUPA1722UGRC,NO,Varios
ILUPA1722UGRCKIT,15,Iluminacion Lineal
ILUPA1722UGRKIT,15,Iluminacion Lineal
ILUPA1806FLEKIT,13,Iluminacion Lineal
ILUPA1806NFLEKIT,13,Iluminacion Lineal
ILUPA1855N,NO,Varios
ILUPA1855NKIT.,16,Iluminacion Lineal
ILUPA191B,NO,Varios
ILUPA191BKIT.,19,Iluminacion Lineal
ILUPA191W,NO,Varios
ILUPA191WKIT.,19,Iluminacion Lineal
ILUPA2013FLEKIT,30,Iluminacion Lineal
ILUPA2013FLEKIT,30,Iluminacion Lineal
ILUPA2018KIT.,20,Iluminacion Lineal
ILUPA2018NKIT.,20,Iluminacion Lineal
ILUPA2018NKIT.,20,Iluminacion Lineal
ILUPA2210KIT.,21,Iluminacion Lineal
ILUPA2216,NO,Varios
ILUPA2216KIT.,34,Iluminacion Lineal
ILUPA2216N,NO,Varios
ILUPA2216NKIT.,34,Iluminacion Lineal
ILUPA2216NKIT.,34,Iluminacion Lineal
ILUPA2310,NO,Varios
ILUPA2310KIT.,29,Iluminacion Lineal
ILUPA2403CO,NO,Varios
ILUPA2403COKIT.,35,Iluminacion Lineal
ILUPA2403CON,NO,Varios
ILUPA2403CONKIT.,35,Iluminacion Lineal
ILUPA2403CONKIT.,35,Iluminacion Lineal
ILUPA2404CO,NO,Varios
ILUPA2404COKIT.,36,Iluminacion Lineal
ILUPA2404CON,NO,Varios
ILUPA2404CONKIT.,36,Iluminacion Lineal
ILUPA2408N,NO,Varios
ILUPA2408NKIT.,16,Iluminacion Lineal
ILUPA30,NO,Varios
ILUPA3030KIT.,37,Iluminacion Lineal
ILUPA30KIT.,39,Iluminacion Lineal
ILUPA3535KIT.,38,Iluminacion Lineal
ILUPA3535NCFLKIT,14,Iluminacion Lineal
ILUPA3535NCFLKIT,14,Iluminacion Lineal
ILUPA3535NFLKIT,14,Iluminacion Lineal
ILUPA3535NFLKIT,14,Iluminacion Lineal
ILUPA3535NKIT.,38,Iluminacion Lineal
ILUPA3535NKIT.,38,Iluminacion Lineal
ILUPA3551NUGR,NO,Varios
ILUPA3551NUGRC,NO,Varios
ILUPA3551NUGRCKI,17,Iluminacion Lineal
ILUPA3551NUGRKIT,17,Iluminacion Lineal
ILUPA3551UGR,NO,Varios
ILUPA3551UGRC,NO,Varios
ILUPA3551UGRCKIT,17,Iluminacion Lineal
ILUPA3551UGRKIT,17,Iluminacion Lineal
ILUPA3830,NO,Varios
ILUPA3830KIT.,37,Iluminacion Lineal
ILUPA5032KIT.,38,Iluminacion Lineal
ILUPA5175GTN,NO,Varios
ILUPA5175N,NO,Varios
ILUPA5175NKIT,18,Iluminacion Lineal
ILUPA525,NO,Varios
ILUPA525KIT.,28,Iluminacion Lineal
ILUPA525N,NO,Varios
ILUPA525NKIT.,28,Iluminacion Lineal
ILUPA525NKIT.,28,Iluminacion Lineal
ILUPA60,NO,Varios
ILUPA60KIT.,39,Iluminacion Lineal
ILUPA6114KIT.,30,Iluminacion Lineal
ILUPA6114KIT.,30,Iluminacion Lineal
ILUPA646,NO,Varios
ILUPA646KIT.,29,Iluminacion Lineal
ILUPA647,NO,Varios
ILUPA647KIT.,NO,Varios
ILUPAV04,32,Iluminacion Lineal
ILUPAV04N,32,Iluminacion Lineal
ILUPC10WRB,475,Policarbonatos
ILUPC10WSB,475,Policarbonatos
ILUPC119DIRE,NO,Varios
ILUPC1271B,479,Policarbonatos
ILUPC1271SB,482,Policarbonatos
ILUPC1271SW,482,Policarbonatos
ILUPC1271W,479,Policarbonatos
ILUPC1272B,482,Policarbonatos
ILUPC1272SB,483,Policarbonatos
ILUPC1272SW,483,Policarbonatos
ILUPC1272W,482,Policarbonatos
ILUPC1273WB,480,Policarbonatos
ILUPC1273WB,480,Policarbonatos
ILUPC1276WB,480,Policarbonatos
ILUPC1276WB,480,Policarbonatos
ILUPC160DIRWE,NO,Varios
ILUPC161DIRWE,NO,Varios
ILUPC166DIRWE,NO,Varios
ILUPC166SDIRWE,NO,Varios
ILUPC22WE,NO,Varios
ILUPC27204WBE,472,Policarbonatos
ILUPC27205WBE,472,Policarbonatos
ILUPC276008WBE,473,Policarbonatos
ILUPC278012WBE,473,Policarbonatos
ILUPC2LENS4WB,492,Policarbonatos
ILUPC30SDIRWE,NO,Varios
ILUPC3LENS24WB,493,Policarbonatos
ILUPC3LENS24WB,493,Policarbonatos
ILUPC4440BE,498,Policarbonatos
ILUPC4440SBE,498,Policarbonatos
ILUPC4440SSBE,498,Policarbonatos
ILUPC4LENS8WB,493,Policarbonatos
ILUPC610BRE,NO,Varios
ILUPC610SRE,NO,Varios
ILUPC610SWE,NO,Varios
ILUPC612BRE,NO,Varios
ILUPC612WRE,NO,Varios
ILUPC7WRB,474,Policarbonatos
ILUPC7WSB,474,Policarbonatos
ILUPC8663BE,498,Policarbonatos
ILUPC8663SBE,498,Policarbonatos
ILUPC8663SSBE,498,Policarbonatos
ILUPC8663SSWE,498,Policarbonatos
ILUPC8663SWE,498,Policarbonatos
ILUPC8663WE,498,Policarbonatos
ILUPCAR111BE,NO,Varios
ILUPCAR111WE,NO,Varios
ILUPCBAFLE8WWC,NO,Varios
ILUPCBAFLE8WWR,NO,Varios
ILUPCBAFLECBE,NO,Varios
ILUPCBAFLECWE,NO,Varios
ILUPCBAFLEDCBE,NO,Varios
ILUPCBAFLEDCWE,NO,Varios
ILUPCBAFLEDRWE,NO,Varios
ILUPCBAFLER8WWC,NO,Varios
ILUPCBAFLER8WWR,NO,Varios
ILUPCBAFLERBE,NO,Varios
ILUPCBAFLERWE,NO,Varios
ILUPCD09GU10B,479,Policarbonatos
ILUPCDIRBE,NO,Varios
ILUPCDIRDBE,NO,Varios
ILUPCDIRDWE,NO,Varios
ILUPCDIRWE,NO,Varios
ILUPCE27WRE,NO,Varios
ILUPCECL12WCCTM,497,Policarbonatos
ILUPCECL12WCCTM,497,Policarbonatos
ILUPCECL12WCCTN,497,Policarbonatos
ILUPCECL12WCCTN,497,Policarbonatos
ILUPCP428WWWB,496,Policarbonatos
ILUPCP428WWWB,496,Policarbonatos
ILUPCPAR30BE,NO,Varios
ILUPCPAR30WE,NO,Varios
ILUPCPBL1.5WWWB,500,Policarbonatos
ILUPCPBL3WWWB,500,Policarbonatos
ILUPCPINBE,NO,Varios
ILUPCPINWE,NO,Varios
ILUPCPUD9WWWB,471,Policarbonatos
ILUPCROT7WWB,454,Policarbonatos
ILUPCROT7WWW,454,Policarbonatos
ILUPCROT7WWWB,454,Policarbonatos
ILUPCROT7WWWW,454,Policarbonatos
ILUPCSOBRED8WB,NO,Varios
ILUPCSOBRED8WW,NO,Varios
ILUPCSOBREDBE,NO,Varios
ILUPCSOBREDWE,NO,Varios
ILUPCSOBRPDL02BE,NO,Varios
ILUPCSOBSQBE,NO,Varios
ILUPCSOBSQWE,NO,Varios
ILUPCSQ1DIRBE,NO,Varios
ILUPCSQ1DIRWE,NO,Varios
ILUPCSQ2DIRBE,NO,Varios
ILUPCSQ2DIRWE,NO,Varios
ILUPCSTEPSWE,456,Policarbonatos
ILUPCSTEPWE,456,Policarbonatos
ILUPCWALLBE,NO,Varios
ILUPCWALLCCT25WB,478,Policarbonatos
ILUPCWALLWE,NO,Varios
ILUPCWLA24WWWB,474,Policarbonatos
ILUPCWLO24WWWB,476,Policarbonatos
ILUPCWLX24WWWW,486,Policarbonatos
ILUPCWLZ15WWWB,477,Policarbonatos
ILUPCWLZ30WWWB,477,Policarbonatos
ILUPIRSW001,140,Drivers y Controladores
ILUPIRSW001F,140,Drivers y Controladores
ILUPISO13WWW,218,Exteriores
ILUPISO23WWW,218,Exteriores
ILUPISO2832,NO,Varios
ILUPISO2833,468,Policarbonatos
ILUPISO2836,469,Policarbonatos
ILUPISO43WWW,218,Exteriores
ILUPISOPC0420B,467,Policarbonatos
ILUPISOPC0821B,467,Policarbonatos
ILUPISOPC0822B,468,Policarbonatos
ILUPS48V100W,264,Rieles
ILUPS48V200W,264,Rieles
ILUPS48V200WCCT,284,Rieles
ILUPS48V200WCCT,284,Rieles
ILUPSMR48V100WB,285,Rieles
ILUPSMR48V100WW,285,Rieles
ILUPSMR48V150WB,286,Rieles
ILUPSMR48V150WW,286,Rieles
ILUPZS284-B,NO,Varios
ILUQS07105WWWB,359,Linea Europea / Decorativa
ILURASOB10WBNW,175,Comerciales
ILURASOB10WBWW,175,Comerciales
ILURASOB20WBNW,176,Comerciales
ILURASOB20WBWW,176,Comerciales
ILURASOB4WBNW,175,Comerciales
ILURASOB4WBWW,175,Comerciales
ILURASTDIRMAG12W,276,Rieles
ILURASTDIRMAG6W,276,Rieles
ILURASTMAG12W,275,Rieles
ILURASTMAG18W,275,Rieles
ILURASTMAG24W,275,Rieles
ILURASTMG12WCCT,281,Rieles
ILURASTMG12WCCT,281,Rieles
ILURASTMG18WCCT,281,Rieles
ILURASTMG18WCCT,281,Rieles
ILURASTMG24WCCT,281,Rieles
ILURASTMG24WCCT,281,Rieles
ILURBKHR13WWWB,55,Iluminacion Modular
ILURBKHR13WWWB,55,Iluminacion Modular
ILURBKHR17WWWB,55,Iluminacion Modular
ILURBKHR17WWWB,55,Iluminacion Modular
ILURBKHR9WWWB,55,Iluminacion Modular
ILURBKHR9WWWB,55,Iluminacion Modular
ILURBKL06WNWB,64,Iluminacion Modular
ILURBKL06WWWB,64,Iluminacion Modular
ILURBKL12WNWB,64,Iluminacion Modular
ILURBKL12WWWB,64,Iluminacion Modular
ILURBKLT05WNWB,62,Iluminacion Modular
ILURBKLT05WNWB,62,Iluminacion Modular
ILURBKLT05WWWB,62,Iluminacion Modular
ILURBKLT05WWWB,62,Iluminacion Modular
ILURBKR18WWWB,56,Iluminacion Modular
ILURBKR18WWWB,56,Iluminacion Modular
ILURBKR25WWWB,56,Iluminacion Modular
ILURBKR25WWWB,56,Iluminacion Modular
ILURBKR32WWWB,56,Iluminacion Modular
ILURBKR32WWWB,56,Iluminacion Modular
ILURECDMR10WNWB,289,Rieles
ILURECDMR10WNWB,289,Rieles
ILURECDMR10WWWB,289,Rieles
ILURECDMR10WWWW,289,Rieles
ILURECMR10WNWB,288,Rieles
ILURECMR10WNWB,288,Rieles
ILURECMR10WWWB,288,Rieles
ILURECMR10WWWW,288,Rieles
ILURECP10WBNW,171,Comerciales
ILURECP10WBWW,171,Comerciales
ILURECP10WNW,171,Comerciales
ILURECP10WWW,171,Comerciales
ILURECP20WBNW,171,Comerciales
ILURECP20WBWW,171,Comerciales
ILURECP20WNW,171,Comerciales
ILURECP20WWW,171,Comerciales
ILURECP2WBNW,170,Comerciales
ILURECP2WBWW,170,Comerciales
ILURECP2WNW,170,Comerciales
ILURECP2WWW,170,Comerciales
ILURECP4WBNW,170,Comerciales
ILURECP4WBWW,170,Comerciales
ILURECP4WNW,170,Comerciales
ILURECP4WWW,170,Comerciales
ILURECPS18WBNW,173,Comerciales
ILURECPS18WBNW,173,Comerciales
ILURECPS18WBWW,173,Comerciales
ILURECPS18WBWW,173,Comerciales
ILURECPS18WNW,173,Comerciales
ILURECPS18WNW,173,Comerciales
ILURECPS18WWW,173,Comerciales
ILURECPS18WWW,173,Comerciales
ILURECPS6WBNW,172,Comerciales
ILURECPS6WBNW,172,Comerciales
ILURECPS6WBWW,172,Comerciales
ILURECPS6WBWW,172,Comerciales
ILURECPS6WNW,172,Comerciales
ILURECPS6WNW,172,Comerciales
ILURECPS6WWW,172,Comerciales
ILURECPS6WWW,172,Comerciales
ILURECPS9WBNW,172,Comerciales
ILURECPS9WBNW,172,Comerciales
ILURECPS9WBWW,172,Comerciales
ILURECPS9WBWW,172,Comerciales
ILURECPS9WNW,172,Comerciales
ILURECPS9WNW,172,Comerciales
ILURECPS9WWW,172,Comerciales
ILURECPS9WWW,172,Comerciales
ILURECPSD18WBNW,174,Comerciales
ILURECPSD18WBNW,174,Comerciales
ILURECPSD18WBWW,174,Comerciales
ILURECPSD18WBWW,174,Comerciales
ILURECPSD18WNW,174,Comerciales
ILURECPSD18WNW,174,Comerciales
ILURECPSD18WWW,174,Comerciales
ILURECPSD18WWW,174,Comerciales
ILURECPSD6WBNW,173,Comerciales
ILURECPSD6WBNW,173,Comerciales
ILURECPSD6WBWW,173,Comerciales
ILURECPSD6WBWW,173,Comerciales
ILURECPSD6WNW,173,Comerciales
ILURECPSD6WNW,173,Comerciales
ILURECPSD6WWW,173,Comerciales
ILURECPSD6WWW,173,Comerciales
ILURECPSD9WBNW,174,Comerciales
ILURECPSD9WBNW,174,Comerciales
ILURECPSD9WBWW,174,Comerciales
ILURECPSD9WBWW,174,Comerciales
ILURECPSD9WNW,174,Comerciales
ILURECPSD9WNW,174,Comerciales
ILURECPSD9WWW,174,Comerciales
ILURECPSD9WWW,174,Comerciales
ILURESMD100WWB,246,Wall-Washer
ILURESMD100WWN,246,Wall-Washer
ILURESMD100WWWB,246,Wall-Washer
ILURESMD100WWWN,246,Wall-Washer
ILURESMD10WWB,244,Wall-Washer
ILURESMD10WWN,244,Wall-Washer
ILURESMD10WWWB,244,Wall-Washer
ILURESMD10WWWN,244,Wall-Washer
ILURESMD150WWN,246,Wall-Washer
ILURESMD200WWN,247,Wall-Washer
ILURESMD200WWWN,247,Wall-Washer
ILURESMD20WWB,244,Wall-Washer
ILURESMD20WWN,244,Wall-Washer
ILURESMD20WWWB,244,Wall-Washer
ILURESMD20WWWN,244,Wall-Washer
ILURESMD300WWN,247,Wall-Washer
ILURESMD30WWB,245,Wall-Washer
ILURESMD30WWN,245,Wall-Washer
ILURESMD30WWWB,245,Wall-Washer
ILURESMD30WWWN,245,Wall-Washer
ILURESMD400WWN,248,Wall-Washer
ILURESMD50WWB,245,Wall-Washer
ILURESMD50WWN,245,Wall-Washer
ILURESMD50WWWB,245,Wall-Washer
ILURESMD50WWWN,245,Wall-Washer
ILURGBWWIFI,NO,Varios
ILURM17E,193,Comerciales
ILURPSOB10WBNW,177,Comerciales
ILURPSOB10WBNW,177,Comerciales
ILURPSOB10WBWW,177,Comerciales
ILURPSOB10WBWW,177,Comerciales
ILURPSOB10WNW,177,Comerciales
ILURPSOB10WNW,177,Comerciales
ILURPSOB10WWW,177,Comerciales
ILURPSOB10WWW,177,Comerciales
ILURPSOB20WBNW,177,Comerciales
ILURPSOB20WBNW,177,Comerciales
ILURPSOB20WBWW,177,Comerciales
ILURPSOB20WBWW,177,Comerciales
ILURPSOB20WNW,177,Comerciales
ILURPSOB20WNW,177,Comerciales
ILURPSOB20WWW,177,Comerciales
ILURPSOB20WWW,177,Comerciales
ILURPSOB4WBNW,176,Comerciales
ILURPSOB4WBNW,176,Comerciales
ILURPSOB4WBWW,176,Comerciales
ILURPSOB4WBWW,176,Comerciales
ILURPSOB4WNW,176,Comerciales
ILURPSOB4WNW,176,Comerciales
ILURPSOB4WWW,176,Comerciales
ILURPSOB4WWW,176,Comerciales
ILURSTDMG12WCCT,282,Rieles
ILURSTDMG12WCCT,282,Rieles
ILURSTDMG6WCCT,282,Rieles
ILURSTDMG6WCCT,282,Rieles
ILURUGRMG15WCCT,283,Rieles
ILURUGRMG15WCCT,283,Rieles
ILURVSCIL12WNWB,48,Iluminacion Modular
ILURVSCIL12WNWB,48,Iluminacion Modular
ILURVSCIL12WWWB,48,Iluminacion Modular
ILURVSCIL12WWWB,48,Iluminacion Modular
ILURVSCILS12WNWB,48,Iluminacion Modular
ILURVSCILS12WNWB,48,Iluminacion Modular
ILURVSCILS12WWWB,48,Iluminacion Modular
ILURVSCILS12WWWB,48,Iluminacion Modular
ILURVSINT12WNWB,48,Iluminacion Modular
ILURVSINT12WNWB,48,Iluminacion Modular
ILURVSINT12WWWB,48,Iluminacion Modular
ILURVSINT12WWWB,48,Iluminacion Modular
ILURVSINT24WNWB,48,Iluminacion Modular
ILURVSINT24WNWB,48,Iluminacion Modular
ILURVSINT24WWWB,48,Iluminacion Modular
ILURVSINT24WWWB,48,Iluminacion Modular
ILURVSREC12WNWB,48,Iluminacion Modular
ILURVSREC12WNWB,48,Iluminacion Modular
ILURVSREC12WWWB,48,Iluminacion Modular
ILURVSREC12WWWB,48,Iluminacion Modular
ILURVSRECS12WNWB,48,Iluminacion Modular
ILURVSRECS12WNWB,48,Iluminacion Modular
ILURVSRECS12WWWB,48,Iluminacion Modular
ILURVSRECS12WWWB,48,Iluminacion Modular
ILURVSSPT12WNWB,48,Iluminacion Modular
ILURVSSPT12WNWB,48,Iluminacion Modular
ILURVSSPT12WWWB,48,Iluminacion Modular
ILURVSSPT12WWWB,48,Iluminacion Modular
ILURVSSPTS12WNWB,48,Iluminacion Modular
ILURVSSPTS12WNWB,48,Iluminacion Modular
ILURVSSPTS12WWWB,48,Iluminacion Modular
ILURVSSPTS12WWWB,48,Iluminacion Modular
ILURVSSUC12WNWB,48,Iluminacion Modular
ILURVSSUC12WNWB,48,Iluminacion Modular
ILURVSSUC12WWWB,48,Iluminacion Modular
ILURVSSUC12WWWB,48,Iluminacion Modular
ILURVSSUR12WNWB,48,Iluminacion Modular
ILURVSSUR12WNWB,48,Iluminacion Modular
ILURVSSUR12WWWB,48,Iluminacion Modular
ILURVSSUR12WWWB,48,Iluminacion Modular
ILUS1415WNW,455,Policarbonatos
ILUS1415WWW,455,Policarbonatos
ILUS148WNW,455,Policarbonatos
ILUS148WWW,455,Policarbonatos
ILUS14DMAG12W,275,Rieles
ILUS14DMAG24W,275,Rieles
ILUS14DMAG36W,275,Rieles
ILUSAMAG12WCCT,283,Rieles
ILUSAMAG12WCCT,283,Rieles
ILUSCMAG7WCCT,284,Rieles
ILUSCMAG7WCCT,284,Rieles
ILUSESFMAG4.5WB,272,Rieles
ILUSF028G9B,389,Linea Europea / Decorativa
ILUSF919E14B,390,Linea Europea / Decorativa
ILUSF920E14B,389,Linea Europea / Decorativa
ILUSKYLINE10MWW,42,Iluminacion Lineal
ILUSKYLINE20MNW,43,Iluminacion Lineal
ILUSKYLINE20MWW,43,Iluminacion Lineal
ILUSKYLINE5MNW,41,Iluminacion Lineal
ILUSKYLINE5MWWB,41,Iluminacion Lineal
ILUSKYLINE5MWWBD,44,Iluminacion Lineal
ILUSKYLINE5MWWD,44,Iluminacion Lineal
ILUSKYNEON5MNWN,45,Iluminacion Lineal
ILUSKYNEON5MWWN,45,Iluminacion Lineal
ILUSOBCAMR6WWWB,293,Rieles
ILUSOBCAMR6WWWW,293,Rieles
ILUSOBCMR6WWWB,293,Rieles
ILUSOBCMR6WWWW,293,Rieles
ILUSOBDIRBE,369,Linea Europea / Decorativa
ILUSOBDIRWE,369,Linea Europea / Decorativa
ILUSOBEUGRMAG7WB,279,Rieles
ILUSOBEUGRMAG7WW,279,Rieles
ILUSOBRDMR7WNWB,292,Rieles
ILUSOBRDMR7WNWB,292,Rieles
ILUSOBRDMR7WWWB,292,Rieles
ILUSOBRDMR7WWWW,292,Rieles
ILUSOBRMR8WWWB,291,Rieles
ILUSOBRMR8WWWW,291,Rieles
ILUSOBRUGRMAG7WB,279,Rieles
ILUSOBRUGRMAG7WW,279,Rieles
ILUSOL3W,NO,Varios
ILUSOL4WB,505,Policarbonatos
ILUSOLB0801B,507,Policarbonatos
ILUSOLBAL3W,241,Exteriores
ILUSOLCUB4W,NO,Varios
ILUSOLPC4LENS2WB,505,Policarbonatos
ILUSOLPC6LENS2WB,504,Policarbonatos
ILUSOLPC803H3WB,504,Policarbonatos
ILUSOLPISO2WWW,223,Exteriores
ILUSOLPISO4WWW,223,Exteriores
ILUSOPDUAL9Y32,466,Policarbonatos
ILUSP852WWWG,241,Exteriores
ILUSPODIRMR7WNWB,290,Rieles
ILUSPODIRMR7WNWB,290,Rieles
ILUSPODIRMR7WWWB,290,Rieles
ILUSPODIRMR7WWWW,290,Rieles
ILUSPOT12WWW,249,Wall-Washer
ILUSPOT6WWW,248,Wall-Washer
ILUSPOT9WWW,249,Wall-Washer
ILUSPOTBPC1WWW,454,Policarbonatos
ILUSPOTDIRMA10WW,277,Rieles
ILUSPOTDIRMA15WW,277,Rieles
ILUSPOTDIRMAG10W,NO,Varios
ILUSPOTDIRMAG15W,NO,Varios
ILUSPOTDIRMAG7W,NO,Varios
ILUSPOTDIRMAG7WW,277,Rieles
ILUSPOTFOCMAG7W,276,Rieles
ILUSPOTFOCMR7WB,291,Rieles
ILUSPOTN3WNW,195,Comerciales
ILUSPOTN3WWW,195,Comerciales
ILUSPOTN5WNW,196,Comerciales
ILUSPOTN5WWW,196,Comerciales
ILUSPOTN7WNW,196,Comerciales
ILUSPOTN7WWW,196,Comerciales
ILUSPOTNPC1WWW,454,Policarbonatos
ILUSPTDMG12WCCT,282,Rieles
ILUSPTDMG12WCCT,282,Rieles
ILUSPTDMG18WCCT,282,Rieles
ILUSPTDMG18WCCT,282,Rieles
ILUSPTDMG7WCCT,282,Rieles
ILUSPTDMG7WCCT,282,Rieles
ILUSS01E,NO,Varios
ILUSS03E,431,Linea Europea / Decorativa
ILUSS04E,431,Linea Europea / Decorativa
ILUSS05E,431,Linea Europea / Decorativa
ILUSS06E,431,Linea Europea / Decorativa
ILUSTANKA,NO,Varios
ILUSTANKA2X18WW,NO,Varios
ILUSUB9WRGBE,255,Subacuaticas
ILUSUS260,355,Linea Europea / Decorativa
ILUSUS300,356,Linea Europea / Decorativa
ILUSUS340,355,Linea Europea / Decorativa
ILUSUS400,356,Linea Europea / Decorativa
ILUSUSESFMR5WWWB,295,Rieles
ILUSUSESFMR5WWWD,295,Rieles
ILUSUSLIN25WNWN,163,Comerciales
ILUSUSLIN25WWWN,163,Comerciales
ILUSUSPCONOMAG6W,270,Rieles
ILUSUSPESFCMAG6W,271,Rieles
ILUSUSPESFMAG6W,270,Rieles
ILUSUSPMAG10W,272,Rieles
ILUSUSPMAG260,273,Rieles
ILUSUSPMAG6W,271,Rieles
ILUSUSPMR6WWWB,294,Rieles
ILUT004E,430,Linea Europea / Decorativa
ILUT014E,193,Comerciales
ILUT1501E,198,Comerciales
ILUT205E,200,Comerciales
ILUT206E,200,Comerciales
ILUT227E,200,Comerciales
ILUT228E,200,Comerciales
ILUT237E,201,Comerciales
ILUT310BK10WWE,NO,Varios
ILUT701E,194,Comerciales
ILUT804E,194,Comerciales
ILUTBLACK1.5M360,104,Tiras de Leds
ILUTBLACK2M360,104,Tiras de Leds
ILUTBLACK3M360,104,Tiras de Leds
ILUTBRUSH1.5M360,104,Tiras de Leds
ILUTBRUSH2M360,104,Tiras de Leds
ILUTBRUSH3M360,104,Tiras de Leds
ILUTELE6WCCTREB,371,Linea Europea / Decorativa
ILUTELE6WCCTREW,371,Linea Europea / Decorativa
ILUTELE6WCCTRSB,371,Linea Europea / Decorativa
ILUTELE6WCCTRSW,371,Linea Europea / Decorativa
ILUTFLOOD20WNWB,NO,Varios
ILUTFLOOD20WWWB,NO,Varios
ILUTFLOOD30WNWB,NO,Varios
ILUTFLOOD30WWWB,NO,Varios
ILUTGOLD1.5M360,104,Tiras de Leds
ILUTLA120WNWB,322,Rieles
ILUTLA120WNWW,322,Rieles
ILUTLA12WCCTB,323,Rieles
ILUTLA12WCCTB,323,Rieles
ILUTLA12WNWB,321,Rieles
ILUTLA12WNWW,321,Rieles
ILUTLA12WWWB,321,Rieles
ILUTLA12WWWW,321,Rieles
ILUTLA130WNWB,322,Rieles
ILUTLA130WNWW,322,Rieles
ILUTLA15CM5WNWB,329,Rieles
ILUTLA15CM5WWWB,329,Rieles
ILUTLA18WCCTB,323,Rieles
ILUTLA18WCCTB,323,Rieles
ILUTLA1ELICOR30W,326,Rieles
ILUTLA20CM5WNWB,329,Rieles
ILUTLA20CM5WWWB,329,Rieles
ILUTLA2SP10WNWB,328,Rieles
ILUTLA2SP10WWWB,328,Rieles
ILUTLA30WCCTB,323,Rieles
ILUTLA30WCCTB,323,Rieles
ILUTLA5WWWB,321,Rieles
ILUTLA5WWWW,321,Rieles
ILUTLAGU1001B,324,Rieles
ILUTLAGU1001W,324,Rieles
ILUTLAGU1018B,324,Rieles
ILUTLAGU1018W,324,Rieles
ILUTLAGU1030CMB,327,Rieles
ILUTLAGU1050CMB,327,Rieles
ILUTLAGU10B29BUG,327,Rieles
ILUTMAG2624SS,260,Rieles
ILUTMAG2651SS,260,Rieles
ILUTMAG6246EMP,261,Rieles
ILUTMAG6246ETRIM,261,Rieles
ILUTMAGMINI30B,285,Rieles
ILUTMAGMINI30W,285,Rieles
ILUTOUCHEMPDIM,141,Drivers y Controladores
ILUTOUCHSOBDIM,141,Drivers y Controladores
ILUTRAC1MTLAB,314,Rieles
ILUTRAC1MTLAW,314,Rieles
ILUTRAC2MTLAB,314,Rieles
ILUTRAC2MTLAW,314,Rieles
ILUTRAST20WNWB,NO,Varios
ILUTRAST20WWWB,NO,Varios
ILUTRAST30WNWB,318,Rieles
ILUTRAST30WWWB,318,Rieles
ILUTRASTD10WNWB,319,Rieles
ILUTRASTD10WWWB,319,Rieles
ILUTRASTD20WNWB,319,Rieles
ILUTRASTD20WWWB,319,Rieles
ILUTRASTD30WNWB,320,Rieles
ILUTRASTD30WWWB,320,Rieles
ILUTRIM1,185,Comerciales
ILUTRIM2,185,Comerciales
ILUTRIM3,185,Comerciales
ILUTT001E,432,Linea Europea / Decorativa
ILUTT002E,432,Linea Europea / Decorativa
ILUTT003E,432,Linea Europea / Decorativa
ILUTT004E,NO,Varios
ILUTT006E,192,Comerciales
ILUTTUB40CM10WB,325,Rieles
ILUTUB1MNEON360,105,Tiras de Leds
ILUTUB23CMBG,363,Linea Europea / Decorativa
ILUTUB2MNEON360,105,Tiras de Leds
ILUTUB30CMBG,363,Linea Europea / Decorativa
ILUTUB40CMBG,363,Linea Europea / Decorativa
ILUVIB100W,352,Linea Europea / Decorativa
ILUWALLPC122WB,476,Policarbonatos
ILUWALLPC122WW,476,Policarbonatos
ILUWALLPC8WB,475,Policarbonatos
ILUWALLPC8WW,475,Policarbonatos
ILUWALLPCA122WB,477,Policarbonatos
ILUWALLPCA122WW,477,Policarbonatos
ILUWWMAG10W,274,Rieles
ILUWWMAG12WCCT,281,Rieles
ILUWWMAG12WCCT,281,Rieles
ILUWWMAG20W,274,Rieles
ILUWWMAG24WCCT,281,Rieles
ILUWWMAG24WCCT,281,Rieles
ILUYS04305WWWB,362,Linea Europea / Decorativa
ILUYS083010WWW,361,Linea Europea / Decorativa
ILUZG061915WWWB,361,Linea Europea / Decorativa
KITCOL1911,40,Iluminacion Lineal
KITCOL1911CAS,NO,Varios
KITCOL19180,13,Iluminacion Lineal
KITCOL2404CO,36,Iluminacion Lineal
KITCOL30,39,Iluminacion Lineal
KITCOL3535,38,Iluminacion Lineal
KITCOL3535NFL,14,Iluminacion Lineal
KITCOL3535NFL,14,Iluminacion Lineal
KITCOL3551,17,Iluminacion Lineal
KITCOL5175N,18,Iluminacion Lineal
KITCOL525,28,Iluminacion Lineal
KITCOL60,39,Iluminacion Lineal
KITCOLDXA19,22,Iluminacion Lineal
KITCOLDXA19N,22,Iluminacion Lineal
KITCOLDXA19N,22,Iluminacion Lineal
KITCOLINTBB,72,Iluminacion Modular
KITCOLINTBB,72,Iluminacion Modular
KITCOLINTBN,72,Iluminacion Modular
KITCOLINTBN,72,Iluminacion Modular
KITCOLINTG,NO,Varios
KITCOLMAG,260,Rieles
KITCOLNANOTRK,301,Rieles
KITCOLRVS,48,Iluminacion Modular
KITCOLRVS,48,Iluminacion Modular
KITCOLVIB100WVH,352,Linea Europea / Decorativa
KITDXA19120,23,Iluminacion Lineal
KITDXA19120SIDE,24,Iluminacion Lineal
KITDXA1960,22,Iluminacion Lineal
KITDXA1960SIDE,24,Iluminacion Lineal
KITDXA1990,22,Iluminacion Lineal
KITDXA1990SIDE,24,Iluminacion Lineal
KITDXA19N120,23,Iluminacion Lineal
KITDXA19N120,23,Iluminacion Lineal
KITDXA19N120SIDE,24,Iluminacion Lineal
KITDXA19N120SIDE,24,Iluminacion Lineal
KITDXA19N60,22,Iluminacion Lineal
KITDXA19N60,22,Iluminacion Lineal
KITDXA19N90,22,Iluminacion Lineal
KITDXA19N90,22,Iluminacion Lineal
KITDXA19N90SIDE,24,Iluminacion Lineal
KITDXA19N90SIDE,24,Iluminacion Lineal
KITDXA19NT,23,Iluminacion Lineal
KITDXA19NT,23,Iluminacion Lineal
KITDXA19NX,23,Iluminacion Lineal
KITDXA19NX,23,Iluminacion Lineal
KITDXA19NY,23,Iluminacion Lineal
KITDXA19NY,23,Iluminacion Lineal
KITDXA19T,23,Iluminacion Lineal
KITDXA19X,23,Iluminacion Lineal
KITDXA19Y,23,Iluminacion Lineal
KITEMP3535NFL,14,Iluminacion Lineal
KITEMP3535NFL,14,Iluminacion Lineal
KITEMPINTBB,72,Iluminacion Modular
KITEMPINTBB,72,Iluminacion Modular
KITEMPINTBN,72,Iluminacion Modular
KITEMPINTBN,72,Iluminacion Modular
KITEMPINTG,NO,Varios
KITSOB3535NFL,14,Iluminacion Lineal
KITSOB3535NFL,14,Iluminacion Lineal
KITSOBINTBB,72,Iluminacion Modular
KITSOBINTBB,72,Iluminacion Modular
KITSOBINTBN,72,Iluminacion Modular
KITSOBINTBN,72,Iluminacion Modular
KITSOBINTG,NO,Varios
KITSOBMAGSS,267,Rieles
KITSUSPMAG,NO,Varios
LA2835120W20X45R,NO,Varios
LA2835168270410,100,Tiras de Leds
LA2835168270612,101,Tiras de Leds
LA2835168NW0410,100,Tiras de Leds
LA2835168NW0612,101,Tiras de Leds
LA283548W30,99,Tiras de Leds
LA283548W30X45,98,Tiras de Leds
LA283548WW30,99,Tiras de Leds
LA283548WW30X45,98,Tiras de Leds
LA3528IP66WW24R,90,Tiras de Leds
LA505048RGBW30,98,Tiras de Leds
LA505048RGBW30,98,Tiras de Leds
LA5050IP66NW12R,NO,Varios
LA5050IP66W12R,NO,Varios
LA5050IP66WW24R,86,Tiras de Leds
LA5050IP66WW24RS,86,Tiras de Leds
LA5050IP68RGB24R,NO,Varios
LA5050IP68WW24R,87,Tiras de Leds
LA6622162224120R,84,Tiras de Leds
LA66221622242105,84,Tiras de Leds
LA6622162224240R,85,Tiras de Leds
LA6622162224300R,85,Tiras de Leds
LA6622162724120R,84,Tiras de Leds
LA6622162724240R,85,Tiras de Leds
LA6622162724300R,85,Tiras de Leds
LA662216W241205R,NO,Varios
LA662216W24120R,NO,Varios
LA662216W242105R,84,Tiras de Leds
LA662216W24240R,85,Tiras de Leds
LA662216W24300R,85,Tiras de Leds
LA662216WW241205,83,Tiras de Leds
LA662216WW24120R,84,Tiras de Leds
LA662216WW242105,84,Tiras de Leds
LA662216WW24240R,85,Tiras de Leds
LA662216WW24300R,85,Tiras de Leds
LA662216Z24120R,84,Tiras de Leds
LA662216Z242105R,84,Tiras de Leds
LA662216Z24240R,85,Tiras de Leds
LA662216Z24300R,85,Tiras de Leds
LA662835WW2460R,94,Tiras de Leds
LA664040RGB24120,89,Tiras de Leds
LA67COBPRGB24720,89,Tiras de Leds
LA67COBPRGB24720,89,Tiras de Leds
LDAM12X-A,133,Drivers y Controladores
LDAP06,133,Drivers y Controladores
LDPB22161824240R,81,Tiras de Leds
LDPB22161824300R,82,Tiras de Leds
LDPB22162224120R,80,Tiras de Leds
LDPB22162224240R,81,Tiras de Leds
LDPB22162224300R,82,Tiras de Leds
LDPB22162724120R,80,Tiras de Leds
LDPB22162724240R,81,Tiras de Leds
LDPB22162724300R,82,Tiras de Leds
LDPB2216DTW24240,82,Tiras de Leds
LDPB2216W241205R,80,Tiras de Leds
LDPB2216W24120R,80,Tiras de Leds
LDPB2216W242105R,81,Tiras de Leds
LDPB2216W24240R,81,Tiras de Leds
LDPB2216W24300R,82,Tiras de Leds
LDPB2216WW241205,80,Tiras de Leds
LDPB2216WW24120R,80,Tiras de Leds
LDPB2216WW242105,81,Tiras de Leds
LDPB2216WW24240R,81,Tiras de Leds
LDPB2216WW24300R,82,Tiras de Leds
LDPB2216Z241205R,80,Tiras de Leds
LDPB2216Z24120R,80,Tiras de Leds
LDPB2216Z242105R,81,Tiras de Leds
LDPB2216Z24240R,81,Tiras de Leds
LDPB2216Z24300R,82,Tiras de Leds
LDPB2835272410R,92,Tiras de Leds
LDPB28352724120R,90,Tiras de Leds
LDPB2835272420R,92,Tiras de Leds
LDPB2835W2410R,92,Tiras de Leds
LDPB2835W24120R,90,Tiras de Leds
LDPB2835W2420R,92,Tiras de Leds
LDPB2835WWP24120,88,Tiras de Leds
LDPB2835Z2410R,92,Tiras de Leds
LDPB2835Z24120R,90,Tiras de Leds
LDPB2835Z2420R,92,Tiras de Leds
LDPB4040RGB24120,87,Tiras de Leds
LDPB5050PIX2496R,88,Tiras de Leds
LDPB5050RGBW246R,86,Tiras de Leds
LDPB5050W1260R,NO,Varios
LDPBCOB2724528R,96,Tiras de Leds
LDPBCOB276524608,83,Tiras de Leds
LDPBCOB276524608,83,Tiras de Leds
LDPBCOBPRGB24720,97,Tiras de Leds
LDPBCOBRGB24160,97,Tiras de Leds
LDPBCOBW24480R5,95,Tiras de Leds
LDPBCOBW24512R,95,Tiras de Leds
LDPBCOBW24528R,96,Tiras de Leds
LDPBCOBWW24480R5,95,Tiras de Leds
LDPBCOBWW24512R,95,Tiras de Leds
LDPBCOBWW24528R,96,Tiras de Leds
LDPBCOBZ24480R5,95,Tiras de Leds
LDPBCOBZ24512R,95,Tiras de Leds
LDPBCOBZ24528R,96,Tiras de Leds
LDZ2835W24120,91,Tiras de Leds
LDZ2835W24120,91,Tiras de Leds
LDZ2835WW24120,91,Tiras de Leds
LDZ2835WW24120,91,Tiras de Leds
LDZ2835Z24120,91,Tiras de Leds
LDZ2835Z24120,91,Tiras de Leds
LDZ3535RGB24120,91,Tiras de Leds
LDZ3535RGB24120,91,Tiras de Leds
LE28352224240R,93,Tiras de Leds
LE28352724120R,94,Tiras de Leds
LE28352724240R,93,Tiras de Leds
LE2835272460R,93,Tiras de Leds
LE2835W24120R,94,Tiras de Leds
LE2835W24240R,93,Tiras de Leds
LE2835W2460R,93,Tiras de Leds
LE2835WW24240R,93,Tiras de Leds
LE2835Z24120R,94,Tiras de Leds
LE2835Z24240R,93,Tiras de Leds
LE2835Z2460R,93,Tiras de Leds
LED0119PCBE,489,Policarbonatos
LED0119PCBE,489,Policarbonatos
LED0616PCBE,488,Policarbonatos
LED0616PCBE,488,Policarbonatos
LED092,434,Linea Europea / Decorativa
LED11011GAW,394,Linea Europea / Decorativa
LED11012GAW,395,Linea Europea / Decorativa
LED1872MAW,NO,Varios
LED1874MAW,NO,Varios
LED204PCHBE,491,Policarbonatos
LED22PC18WWWB,499,Policarbonatos
LED22PC18WWWB,499,Policarbonatos
LED310GABE,239,Exteriores
LED310GAWE,NO,Varios
LED404PCHBE,491,Policarbonatos
LED5640B10WWW,238,Exteriores
LED60101E,392,Linea Europea / Decorativa
LED60102E,391,Linea Europea / Decorativa
LED60481E,NO,Varios
LED60482E,NO,Varios
LED6051AE,NO,Varios
LED6051BE,NO,Varios
LED6066BE,NO,Varios
LED6066E,NO,Varios
LED6806GAW,NO,Varios
LED803HBE,238,Exteriores
LED803HE,238,Exteriores
LED803PCHBE,487,Policarbonatos
LED803PCSHBE,487,Policarbonatos
LED803PCSHE,487,Policarbonatos
LED804PCHBE,492,Policarbonatos
LED804PCHE,492,Policarbonatos
LED816GABE,239,Exteriores
LED818GAW,NO,Varios
LED8201GAW,NO,Varios
LED8202GAW,NO,Varios
LED8663LGABE,240,Exteriores
LED8663LGAWE,240,Exteriores
LED8663SGABE,240,Exteriores
LED8663SGAWE,240,Exteriores
LT12DIM10V,NO,Varios
LTCTR I - A,NO,Varios
LTCTRI-WW,NO,Varios
LTCTRI-WW,NO,Varios
LUMINT100W12W,NO,Varios
LUMINT100WW12W,NO,Varios
LUMLIN12036WWX,168,Comerciales
LUMLIN6018WWWX,NO,Varios
LUMLIN6018WWX,168,Comerciales
MARCO3012048WNW,165,Comerciales
MARCO3012048WW,165,Comerciales
MARCO303020WNW,166,Comerciales
MARCO303020WW,166,Comerciales
MARCO306030WNW,166,Comerciales
MARCO306030WW,166,Comerciales
MARCO6012060WNW,167,Comerciales
MARCO6012060WW,167,Comerciales
MARCO6012060WWW,167,Comerciales
MARCO606036WCCT,167,Comerciales
MARCO606048WNW,165,Comerciales
MARCO606048WW,165,Comerciales
MARCO606048WWW,165,Comerciales
MICDIF1616,13,Iluminacion Lineal
MICDIF1616B,33,Iluminacion Lineal
MICDIF1616N,13,Iluminacion Lineal
MICDIF1722,15,Iluminacion Lineal
MICDIF1722C,15,Iluminacion Lineal
MICDIF1722N,15,Iluminacion Lineal
MICDIF1722NC,15,Iluminacion Lineal
MICDIF1806,13,Iluminacion Lineal
MICDIF1806CO,13,Iluminacion Lineal
MICDIF1806CON,13,Iluminacion Lineal
MICDIF1806N,13,Iluminacion Lineal
MICDIF1911P,40,Iluminacion Lineal
MICDIF2213,25,Iluminacion Lineal
MICDIF2216,34,Iluminacion Lineal
MICDIF2216N,34,Iluminacion Lineal
MICDIF2216N,34,Iluminacion Lineal
MICDIF2411,25,Iluminacion Lineal
MICDIF2411N,25,Iluminacion Lineal
MICDIF2411N,25,Iluminacion Lineal
MICDIF3006,32,Iluminacion Lineal
MICDIF3030,37,Iluminacion Lineal
MICDIF3535,38,Iluminacion Lineal
MICDIF3535FLCO,14,Iluminacion Lineal
MICDIF3535FLCO,14,Iluminacion Lineal
MICDIF3535N,38,Iluminacion Lineal
MICDIF3535N,38,Iluminacion Lineal
MICDIF3551,17,Iluminacion Lineal
MICDIF3551C,17,Iluminacion Lineal
MICDIF3551N,17,Iluminacion Lineal
MICDIF3551NC,17,Iluminacion Lineal
MICDIF5032,38,Iluminacion Lineal
MICDIF5175,18,Iluminacion Lineal
MICDIF5175UGR,18,Iluminacion Lineal
MICDIFDXA19,22,Iluminacion Lineal
MICDIFDXA19N,NO,Varios
MICDIFDXA19N,NO,Varios
MICDIFILUPA07,27,Iluminacion Lineal
MICDIFILUPA07A,27,Iluminacion Lineal
MICDIFILUPA07AN,27,Iluminacion Lineal
MICDIFILUPA07AN,27,Iluminacion Lineal
MICDIFILUPA07N,27,Iluminacion Lineal
MICDIFILUPA07N,27,Iluminacion Lineal
MICDIFILUPA1005,26,Iluminacion Lineal
MICDIFILUPA1005C,26,Iluminacion Lineal
MICDIFILUPA1009,26,Iluminacion Lineal
MICDIFILUPA109,12,Iluminacion Lineal
MICDIFILUPA109N,12,Iluminacion Lineal
MICDIFILUPA1205,28,Iluminacion Lineal
MICDIFILUPA1205N,28,Iluminacion Lineal
MICDIFILUPA1205N,28,Iluminacion Lineal
MICDIFILUPA1401,31,Iluminacion Lineal
MICDIFILUPA1401N,31,Iluminacion Lineal
MICDIFILUPA1401N,31,Iluminacion Lineal
MICDIFILUPA1402,31,Iluminacion Lineal
MICDIFILUPA1402N,31,Iluminacion Lineal
MICDIFILUPA1402N,31,Iluminacion Lineal
MICDIFILUPA1855,16,Iluminacion Lineal
MICDIFILUPA191,19,Iluminacion Lineal
MICDIFILUPA2310,29,Iluminacion Lineal
MICDIFILUPA2408,16,Iluminacion Lineal
MICDIFILUPA30,39,Iluminacion Lineal
MICDIFILUPA3830,37,Iluminacion Lineal
MICDIFILUPA525,28,Iluminacion Lineal
MICDIFILUPA525N,28,Iluminacion Lineal
MICDIFILUPA525N,28,Iluminacion Lineal
MICDIFILUPA60,39,Iluminacion Lineal
MICDIFILUPA646,29,Iluminacion Lineal
MICDIFILUPA647,NO,Varios
MICDIFPA0806,19,Iluminacion Lineal
MICDIFPA0806N,19,Iluminacion Lineal
MICDIFPA1207,20,Iluminacion Lineal
MICDIFPA1612,18,Iluminacion Lineal
MICDIFPA1612N,18,Iluminacion Lineal
MICDIFPA2013C,30,Iluminacion Lineal
MICDIFPA2013C,30,Iluminacion Lineal
MICDIFPA2018,20,Iluminacion Lineal
MICDIFPA2018N,20,Iluminacion Lineal
MICDIFPA2018N,20,Iluminacion Lineal
MICDIFPA2210,21,Iluminacion Lineal
MICDIFPA6114,30,Iluminacion Lineal
MICDIFPA6114,30,Iluminacion Lineal
MICILUPA240304,NO,Varios
MICILUPA240304N,NO,Varios
MICNT3535FLCO,14,Iluminacion Lineal
MICNT3535FLCO,14,Iluminacion Lineal
MICROTRK1PCB30CM,330,Rieles
MICROTRK1PCB90CM,330,Rieles
MINIAMPHEMBRA,144,Drivers y Controladores
MINIAMPHEMBRA130,144,Drivers y Controladores
MINIAMPMACHO,144,Drivers y Controladores
MINIAMPMACHO130,144,Drivers y Controladores
MR113WWE,206,Lamparas
MR113WWWE,206,Lamparas
MR165WDNWE,206,Lamparas
MR165WDWE,206,Lamparas
MR165WDWWE,206,Lamparas
MR167WNWE,204,Lamparas
MR167WW3860,204,Lamparas
MR167WWE,204,Lamparas
MR167WWW3860,204,Lamparas
MR167WWWE,204,Lamparas
MR169WDNW,205,Lamparas
MR169WDW,205,Lamparas
MR169WDWW,205,Lamparas
MR169WNW,205,Lamparas
MR169WW,205,Lamparas
MR169WWW,205,Lamparas
NANOTRK10151MB,300,Rieles
NANOTRK11382MB,301,Rieles
NANOTRK50151MB,300,Rieles
P12W130VWWZ,210,Lamparas
P12W130VWZ,210,Lamparas
P15W130VWWC,211,Lamparas
P15W130VWWZ,211,Lamparas
P15W130VWZ,211,Lamparas
P5W130VWWZ,209,Lamparas
P5W130VWZ,209,Lamparas
P7W130VWWZ,209,Lamparas
P7W130VWZ,209,Lamparas
P8W130VWWC,210,Lamparas
PA0806,NO,Varios
PA0806N,NO,Varios
PA1004048WCBNW,162,Comerciales
PA1004048WCBWW,162,Comerciales
PA1004048WCNNW,162,Comerciales
PA1004048WCNWW,162,Comerciales
PA1207,NO,Varios
PA1612,NO,Varios
PA1612KIT.,18,Iluminacion Lineal
PA1612N,NO,Varios
PA1612NKIT.,18,Iluminacion Lineal
PA1616,NO,Varios
PA1616B,NO,Varios
PA1616BKIT.,33,Iluminacion Lineal
PA1616KIT.,13,Iluminacion Lineal
PA1616N,NO,Varios
PA1616NKIT.,13,Iluminacion Lineal
PA1806,NO,Varios
PA1806N,NO,Varios
PA1911P,NO,Varios
PA1911P100WAC,156,Comerciales
PA1911P100WNAC,156,Comerciales
PA1911P100WWAC,156,Comerciales
PA1911P150WAC,156,Comerciales
PA1911P150WNAC,156,Comerciales
PA1911P150WWAC,156,Comerciales
PA1911P200WAC,156,Comerciales
PA1911P200WNAC,156,Comerciales
PA1911P200WWAC,156,Comerciales
PA1911PKIT.,40,Iluminacion Lineal
PA2013,NO,Varios
PA2018,NO,Varios
PA2018N,NO,Varios
PA2210,NO,Varios
PA2213,NO,Varios
PA2213KIT,25,Iluminacion Lineal
PA2411,NO,Varios
PA2411KIT.,25,Iluminacion Lineal
PA2411N,NO,Varios
PA2411NKIT.,25,Iluminacion Lineal
PA3006,NO,Varios
PA3006KIT.,32,Iluminacion Lineal
PA3030,NO,Varios
PA3535,NO,Varios
PA3535100NWAC,157,Comerciales
PA3535100WAC,157,Comerciales
PA3535100WWAC,157,Comerciales
PA3535150NWAC,157,Comerciales
PA3535150WAC,157,Comerciales
PA3535150WWAC,157,Comerciales
PA3535200NWAC,157,Comerciales
PA3535200WAC,157,Comerciales
PA3535200WWAC,157,Comerciales
PA3535N,NO,Varios
PA3535NCFL,NO,Varios
PA3535NFL,NO,Varios
PA3551NUGR1MWAC,158,Comerciales
PA3551NUGR1MWNAC,158,Comerciales
PA3551NUGR1MWWAC,158,Comerciales
PA3551NUGR2MWAC,158,Comerciales
PA3551NUGR2MWNAC,158,Comerciales
PA3551NUGR2MWWAC,158,Comerciales
PA3551UGR1MWAC,157,Comerciales
PA3551UGR1MWNAC,157,Comerciales
PA3551UGR1MWWAC,157,Comerciales
PA3551UGR2MWAC,157,Comerciales
PA3551UGR2MWNAC,157,Comerciales
PA3551UGR2MWWAC,157,Comerciales
PA4575A42WNWN,NO,Varios
PA4575A42WWWN,NO,Varios
PA4575B36WNWN,NO,Varios
PA4575B36WWWN,NO,Varios
PA4575C36WNWN,NO,Varios
PA4575C36WWWN,NO,Varios
PA5032,NO,Varios
PA5175N1MWAC,160,Comerciales
PA5175N1MWNAC,160,Comerciales
PA5175N1MWWAC,160,Comerciales
PA5175N2MWAC,160,Comerciales
PA5175N2MWNAC,160,Comerciales
PA5175N2MWWAC,160,Comerciales
PA5270CBNW,160,Comerciales
PA6114,NO,Varios
PA704036WCBNW,162,Comerciales
PA704036WCBWW,162,Comerciales
PA704036WCNNW,162,Comerciales
PA704036WCNWW,162,Comerciales
PABYT03A,161,Comerciales
PAR38SMD18W38NW,NO,Varios
POSTE145HMZBD,NO,Varios
RBKBAR100CM,NO,Varios
RBKBAR50CM,NO,Varios
RBKBASSUJ,64,Iluminacion Modular
RBKBRCONEX2HCAB,NO,Varios
RBKBRCONEX2M,NO,Varios
RBKBRCONEX3HCAB,NO,Varios
RBKBRCONEX3M,NO,Varios
RBKBRCONIN2MH,NO,Varios
RBKBRCONIN3MH,NO,Varios
RBKCONBOX,NO,Varios
RBKCONH90CABV,NO,Varios
RBKCONH90V,NO,Varios
RBKCONHHMTH,NO,Varios
RBKCONHHMTH1,NO,Varios
RBKCONHHMTH1,NO,Varios
RBKCONHMMTHCAB,NO,Varios
RBKCONM90CABV,NO,Varios
RBKCONM90V,NO,Varios
RBKCONMH180H,NO,Varios
RBKCONMH90HL,NO,Varios
RBKCONMH90HLCAB,NO,Varios
RBKCONMH90HR,NO,Varios
RBKCONMH90HRCAB,NO,Varios
RBKCONMH90V,NO,Varios
RBKCONMHHROT,NO,Varios
RBKCONMHHROT,NO,Varios
RBKCONMHROT,NO,Varios
RBKCONMHROTV,63,Iluminacion Modular
RBKCONMHROTV,63,Iluminacion Modular
RBKCONMMHHX,NO,Varios
RBKCONMMHROT,NO,Varios
RBKCONMMHROT,NO,Varios
RBKCOP180FLEX,NO,Varios
RBKCOP180FLEX,NO,Varios
RBKLTBASHCAB,63,Iluminacion Modular
RBKLTBASHCAB,63,Iluminacion Modular
RBKLTBASMCAB,63,Iluminacion Modular
RBKLTBASMCAB,63,Iluminacion Modular
RBKLTFLOOD10WNWB,NO,Varios
RBKLTFLOOD10WNWB,NO,Varios
RBKLTFLOOD10WWWB,NO,Varios
RBKLTFLOOD10WWWB,NO,Varios
RBKLTRECP12WNWB,NO,Varios
RBKLTRECP12WNWB,NO,Varios
RBKLTRECP12WWWB,NO,Varios
RBKLTRECP12WWWB,NO,Varios
RBKLTRECPD12WNWB,NO,Varios
RBKLTRECPD12WNWB,NO,Varios
RBKLTRECPD12WWWB,NO,Varios
RBKLTRECPD12WWWB,NO,Varios
RBKLTSPOT10WNWB,NO,Varios
RBKLTSPOT10WNWB,NO,Varios
RBKLTSPOT10WWWB,NO,Varios
RBKLTSPOT10WWWB,NO,Varios
RBKLTSUS4L34NW,58,Iluminacion Modular
RBKLTSUS4L34NW,58,Iluminacion Modular
RBKLTSUS4L34WW,58,Iluminacion Modular
RBKLTSUS4L34WW,58,Iluminacion Modular
RBKSU2L2R31WCCT,61,Iluminacion Modular
RBKSU2L2R31WCCT,61,Iluminacion Modular
RBKSUJ,NO,Varios
RBKSUS2U35WCCT,59,Iluminacion Modular
RBKSUS2U35WCCT,59,Iluminacion Modular
RBKSUS3L24WCCT,57,Iluminacion Modular
RBKSUS3L24WCCT,57,Iluminacion Modular
RBKSUSLSC34WCCT,60,Iluminacion Modular
RBKSUSLSC34WCCT,60,Iluminacion Modular
RBKSUSP,65,Iluminacion Modular
RBKSUSP,65,Iluminacion Modular
RS153.3,NO,Varios
RVSCON,48,Iluminacion Modular
RVSCON,48,Iluminacion Modular
RVSCONCAB,48,Iluminacion Modular
RVSCONCAB,48,Iluminacion Modular
RVSCOPX,48,Iluminacion Modular
RVSCOPX,48,Iluminacion Modular
RVSSUJSOB,48,Iluminacion Modular
RVSSUJSOB,48,Iluminacion Modular
SETBRAPILUPA1401,NO,Varios
SETBRATILUPA1401,31,Iluminacion Lineal
SETCLIP1722C,15,Iluminacion Lineal
SETCLIP3551C,17,Iluminacion Lineal
SETCLIPILUPA3830,37,Iluminacion Lineal
SETCLIPPA2403CO,35,Iluminacion Lineal
SETCLIPPA5032,38,Iluminacion Lineal
SETDIRBAS2310,29,Iluminacion Lineal
SETILUDXA1812,33,Iluminacion Lineal
SETILUDXA2512,34,Iluminacion Lineal
SETILUPA07,27,Iluminacion Lineal
SETILUPA07A,27,Iluminacion Lineal
SETILUPA07AN,27,Iluminacion Lineal
SETILUPA07AN,27,Iluminacion Lineal
SETILUPA07N,27,Iluminacion Lineal
SETILUPA07N,27,Iluminacion Lineal
SETILUPA1205,28,Iluminacion Lineal
SETILUPA1402,31,Iluminacion Lineal
SETILUPA1402N,31,Iluminacion Lineal
SETILUPA1402N,31,Iluminacion Lineal
SETILUPA191B,19,Iluminacion Lineal
SETILUPA191W,19,Iluminacion Lineal
SETILUPA2403CO,35,Iluminacion Lineal
SETILUPA2403CON,35,Iluminacion Lineal
SETILUPA2403CON,35,Iluminacion Lineal
SETILUPA2404CO,36,Iluminacion Lineal
SETILUPA2404CON,36,Iluminacion Lineal
SETILUPA2404CON,36,Iluminacion Lineal
SETILUPA3830,37,Iluminacion Lineal
SETMAG1722,15,Iluminacion Lineal
SLESAU10,144,Drivers y Controladores
SOLILUDXA,NO,Varios
SOLILUPA3030,37,Iluminacion Lineal
SPLICEMAGHB,267,Rieles
STBRAPILUPA1401N,31,Iluminacion Lineal
STBRAPILUPA1401N,31,Iluminacion Lineal
STBRATILUPA1401N,31,Iluminacion Lineal
STBRATILUPA1401N,31,Iluminacion Lineal
STICKCW4,143,Drivers y Controladores
STICKDE3,143,Drivers y Controladores
SUSPDW,NO,Varios
SUSPDW,NO,Varios
SWTOUCH1224VDC,NO,Varios
T8CRISTAL120W,NO,Varios
T8CRISTAL120WT,NO,Varios
TAPA1722,15,Iluminacion Lineal
TAPA1722C,15,Iluminacion Lineal
TAPA1722N,15,Iluminacion Lineal
TAPA1722NC,15,Iluminacion Lineal
TAPA3551,17,Iluminacion Lineal
TAPA3551C,17,Iluminacion Lineal
TAPA3551N,17,Iluminacion Lineal
TAPA3551NC,17,Iluminacion Lineal
TAPA5175N,18,Iluminacion Lineal
TAPATRK10151MB,300,Rieles
TAPATRK11382MB,301,Rieles
TAPATRK50151MB,300,Rieles
TAPLAT1616,13,Iluminacion Lineal
TAPLAT1616B,33,Iluminacion Lineal
TAPLAT1616N,13,Iluminacion Lineal
TAPLAT1806,13,Iluminacion Lineal
TAPLAT1806N,13,Iluminacion Lineal
TAPLAT1911P,40,Iluminacion Lineal
TAPLAT2013,30,Iluminacion Lineal
TAPLAT2013,30,Iluminacion Lineal
TAPLAT2213,25,Iluminacion Lineal
TAPLAT2216,34,Iluminacion Lineal
TAPLAT2216N,34,Iluminacion Lineal
TAPLAT2216N,34,Iluminacion Lineal
TAPLAT2411,25,Iluminacion Lineal
TAPLAT2411N,25,Iluminacion Lineal
TAPLAT2411N,25,Iluminacion Lineal
TAPLAT30,39,Iluminacion Lineal
TAPLAT3006,32,Iluminacion Lineal
TAPLAT3030,37,Iluminacion Lineal
TAPLAT3535,38,Iluminacion Lineal
TAPLAT3535N,14,Iluminacion Lineal
TAPLAT3535N,14,Iluminacion Lineal
TAPLAT3535NCFL,14,Iluminacion Lineal
TAPLAT3535NCFL,14,Iluminacion Lineal
TAPLAT3535NFL,14,Iluminacion Lineal
TAPLAT3535NFL,14,Iluminacion Lineal
TAPLAT5032,38,Iluminacion Lineal
TAPLAT525,28,Iluminacion Lineal
TAPLAT525N,28,Iluminacion Lineal
TAPLAT525N,28,Iluminacion Lineal
TAPLAT60,39,Iluminacion Lineal
TAPLAT6114,30,Iluminacion Lineal
TAPLAT6114,30,Iluminacion Lineal
TAPLAT646,29,Iluminacion Lineal
TAPLAT647,NO,Varios
TAPLATILUPA1005,26,Iluminacion Lineal
TAPLATILUPA1009,26,Iluminacion Lineal
TAPLATILUPA109,12,Iluminacion Lineal
TAPLATILUPA109N,12,Iluminacion Lineal
TAPLATILUPA1205,28,Iluminacion Lineal
TAPLATILUPA1205N,28,Iluminacion Lineal
TAPLATILUPA1205N,28,Iluminacion Lineal
TAPLATILUPA2310,29,Iluminacion Lineal
TAPLATILUPA2408N,16,Iluminacion Lineal
TAPLATPA0806,19,Iluminacion Lineal
TAPLATPA0806N,19,Iluminacion Lineal
TAPLATPA1207,20,Iluminacion Lineal
TAPLATPA2018,20,Iluminacion Lineal
TAPLATPA2018N,20,Iluminacion Lineal
TAPLATPA2018N,20,Iluminacion Lineal
TAPLATPA2210,21,Iluminacion Lineal
TERMOTL28355050,114,Tiras de Leds
TERMOTL9MM,108,Tiras de Leds
TERMOTL9MM,108,Tiras de Leds
TOR15MM3006,32,Iluminacion Lineal
TUBBLACK1.5M,NO,Varios
TUBBLACK2M,NO,Varios
TUBBLACK3M,NO,Varios
TUBBRUSH1.5M,NO,Varios
TUBBRUSH2M,NO,Varios
TUBBRUSH3M,NO,Varios
TUBGOLD1.5M,NO,Varios
TYLWWW118RWI,250,Wall-Washer
TYLWWW118RWWI,250,Wall-Washer
TYLWWW124RWWI,251,Wall-Washer
TYLWWW136RWWI,251,Wall-Washer
VARIOS,NO,Varios
VARIOS 1,NO,Varios
WSCONIR24B,NO,Varios
WS-K1008-12,NO,Varios
WW12X2WW15X45,224,Exteriores
WW18X2WW15X45,225,Exteriores
WW9X2WW15X45,224,Exteriores
YDC009,139,Drivers y Controladores
YLC004,NO,Varios
ZHPG12100WHPFMV,NO,Varios
ZHPG12150WHPFMV,NO,Varios
ZHPG12200WHPFMV,NO,Varios
